排名,中文标题,外文标题,评分,评价人数,导演,主演,简介,详情链接
1,肖申克的救赎,/ The Shawshank Redemption,9.7,3287107,弗兰克·德拉邦特,蒂姆·罗宾斯 / 摩根·弗里曼 / 鲍勃·冈顿 / 威廉·赛德勒 / 克兰西·布朗 / 吉尔·贝罗斯 / 马克·罗斯顿 / 詹姆斯·惠特摩 / 杰弗里·德曼 / 拉里·布兰登伯格 / 尼尔·吉恩托利 / 布赖恩·利比 / 大卫·普罗瓦尔 / 约瑟夫·劳格诺 / 祖德·塞克利拉 / 保罗·麦克兰尼 / 芮妮·布莱恩 / 阿方索·弗里曼 / V·J·福斯特 / 弗兰克·梅德拉诺 / 马克·迈尔斯 / 尼尔·萨默斯 / 耐德·巴拉米 / 布赖恩·戴拉特 / 唐·麦克马纳斯,一场谋杀案使银行家安迪（蒂姆•罗宾斯 Tim Robbins 饰）蒙冤入狱，谋杀妻子及其情人的指控将囚禁他终生。在肖申克监狱的首次现身就让监狱“大哥”瑞德（摩根•弗里曼 Morgan Freeman 饰）对他另眼相看。瑞德帮助他搞到一把石锤和一幅女明星海报，两人渐成患难 之交。很快，安迪在监狱里大显其才，担当监狱图书管理员，并利用自己的金融知识帮助监狱官避税，引起了典狱长的注意，被招致麾下帮助典狱长洗黑钱。偶然一次，他得知一名新入狱的小偷能够作证帮他洗脱谋杀罪。燃起一丝希望的安迪找到了典狱长，希望他能帮自己翻案。阴险伪善的狱长假装答应安迪，背后却派人杀死小偷，让他唯一能合法出狱的希望泯灭。沮丧的安迪并没有绝望，在一个电闪雷鸣的风雨夜，一场暗藏几十年的越狱计划让他自我救赎，重获自由！老朋友瑞德在他的鼓舞和帮助下，也勇敢地奔向自由。,https://movie.douban.com/subject/1292052/
2,霸王别姬,/ 再见，我的妾  /  Farewell My Concubine,9.6,2425336,陈凯歌,张国荣 / 张丰毅 / 巩俐 / 葛优 / 英达 / 蒋雯丽 / 吴大维 / 吕齐 / 雷汉 / 尹治 / 马明威 / 费振翔 / 智一桐 / 李春 / 赵海龙 / 李丹 / 童弟 / 沈慧芬 / 黄斐 / 徐杰,段小楼（张丰毅）与程蝶衣（张国荣）是一对打小一起长大的师兄弟，两人一个演生，一个饰旦，一向配合天衣无缝，尤其一出《霸王别姬》，更是誉满京城，为此，两人约定合演一辈子《霸王别姬》。但两人对戏剧与人生关系的理解有本质不同，段小楼深知戏非人生，程蝶衣则是人戏不分。,https://movie.douban.com/subject/1291546/
3,泰坦尼克号,/ Titanic,9.5,2500617,詹姆斯·卡梅隆,莱昂纳多·迪卡普里奥 / 凯特·温斯莱特 / 比利·赞恩 / 凯西·贝茨 / 弗兰西丝·费舍 / 格劳瑞亚·斯图尔特 / 比尔·帕克斯顿 / 伯纳德·希尔 / 大卫·沃纳 / 维克多·加博 / 乔纳森·海德 / 苏茜·爱米斯 / 刘易斯·阿伯内西 / 尼古拉斯·卡斯柯恩 / 阿那托利·萨加洛维奇 / 丹尼·努齐 / 杰森·贝瑞 / 伊万·斯图尔特 / 艾恩·格拉法德 / 乔纳森·菲利普斯 / 马克·林赛·查普曼 / 理查德·格拉翰 / 保罗·布赖特威尔 / 艾瑞克·布里登 / 夏洛特·查顿 / 博纳德·福克斯 / 迈克尔·英塞恩 / 法妮·布雷特 / 马丁·贾维斯 / 罗莎琳·艾尔斯 / 罗切尔·罗斯 / 乔纳森·伊万斯-琼斯 / 西蒙·克雷恩 / 爱德华德·弗莱彻 / 斯科特·安德森 / 马丁·伊斯特 / 克雷格·凯利 / 格雷戈里·库克 / 利亚姆·图伊 / 詹姆斯·兰开斯特 / 艾尔莎·瑞雯 / 卢·帕尔特 / 泰瑞·佛瑞斯塔 / 凯文·德·拉·诺伊,1912年4月10日，号称 “世界工业史上的奇迹”的豪华客轮泰坦尼克号开始了它完工后的首次商业航行，从英国的南安普顿出发驶往美国纽约。富家少女罗丝（凯特·温丝莱特）与母亲及未婚夫卡尔坐上了头等舱；另一边，放荡不羁的少年画家杰克（莱昂纳多·迪卡普里奥）也在码头的一场赌博中 赢得了下等舱的船票。,https://movie.douban.com/subject/1292722/
4,阿甘正传,/ Forrest Gump,9.5,2432194,罗伯特·泽米吉斯,汤姆·汉克斯 / 罗宾·怀特 / 加里·辛尼斯 / 麦凯尔泰·威廉逊 / 莎莉·菲尔德 / 海利·乔·奥斯蒙 / 迈克尔·康纳·亨弗里斯 / 哈罗德·G·赫瑟姆 / 山姆·安德森 / 伊俄涅·M·特雷奇 / 彼得·道博森 / 希芳·法隆 / 伊丽莎白·汉克斯 / 汉娜·豪尔 / 克里斯托弗·琼斯 / 罗布·兰德里 / 杰森·麦克奎尔 / 桑尼·施罗耶 / 艾德·戴维斯 / 丹尼尔C.斯瑞派克 / 大卫·布里斯宾 / 德博拉·麦克蒂尔 / 艾尔·哈林顿 / 阿非莫·奥米拉 / 约翰·沃德斯塔德 / 迈克尔·伯吉斯 / 埃里克·安德伍德 / 拜伦·明斯 / 斯蒂芬·布吉格沃特 / 约翰·威廉·高尔特 / 希拉里·沙普兰 / 伊莎贝尔·罗斯 / 理查德·达历山德罗 / 迪克·史迪威 / 迈克尔-杰斯 / 杰弗里·布莱克 / 瓦妮莎·罗斯 / 迪克·卡维特 / 马拉·苏查雷特扎 / 乔·阿拉斯奇 / W·本森·泰瑞,阿甘（汤姆·汉克斯 饰）于二战结束后不久出生在美国南方阿拉巴马州一个闭塞的小镇，他先天弱智，智商只有75，然而他的妈妈是一个性格坚强的女性，她常常鼓励阿甘“傻人有傻福”，要他自强不息。,https://movie.douban.com/subject/1292720/
5,千与千寻,/ 千と千尋の神隠し,9.4,2539078,宫崎骏,柊瑠美 / 入野自由 / 夏木真理 / 菅原文太 / 中村彰男 / 玉井夕海 / 神木隆之介 / 内藤刚志 / 泽口靖子 / 我修院达也 / 大泉洋 / 小林郁夫 / 上条恒彦 / 小野武彦,千寻和爸爸妈妈一同驱车前往新家，在郊外的小路上不慎进入了神秘的隧道——他们去到了另外一个诡异世界—一个中世纪的小镇。远处飘来食物的香味，爸爸妈妈大快朵颐，孰料之后变成了猪！这时小镇上渐渐来了许多样子古怪、半透明的人。,https://movie.douban.com/subject/1291561/
6,美丽人生,/ La vita è bella,9.5,1483414,罗伯托·贝尼尼,罗伯托·贝尼尼 / 尼可莱塔·布拉斯基 / 乔治·坎塔里尼 / 朱斯蒂诺·杜拉诺 / 赛尔乔·比尼·布斯特里克 / 玛丽萨·帕雷德斯 / 霍斯特·布赫霍尔茨 / 利迪娅·阿方西 / 朱利亚娜·洛约迪切 / 亚美利哥·丰塔尼 / 彼得·德·席尔瓦 / 弗朗西斯·古佐 / 拉法埃拉·莱博罗尼 / 克劳迪奥·阿方西 / 吉尔·巴罗尼 / 马西莫·比安奇 / 恩尼奥·孔萨尔维 / 吉安卡尔洛·科森蒂诺 / 阿伦·克雷格 / 汉尼斯·赫尔曼 / 弗兰科·梅斯科利尼 / 安东尼奥·普雷斯特 / 吉娜·诺维勒 / 理查德·塞梅尔 / 安德烈提多娜 / 迪尔克·范登贝格 / 奥梅罗·安东努蒂,犹太青年圭多（罗伯托·贝尼尼）邂逅美丽的女教师多拉（尼可莱塔·布拉斯基），他彬彬有礼的向多拉鞠躬：“早安！公主！”。历经诸多令人啼笑皆非的周折后，天遂人愿，两人幸福美满的生活在一起。,https://movie.douban.com/subject/1292063/
7,星际穿越,/ Interstellar,9.4,2186234,克里斯托弗·诺兰,马修·麦康纳 / 安妮·海瑟薇 / 杰西卡·查斯坦 / 麦肯吉·弗依 / 卡西·阿弗莱克 / 迈克尔·凯恩 / 马特·达蒙 / 提莫西·查拉梅 / 艾伦·伯斯汀 / 约翰·利思戈 / 韦斯·本特利 / 大卫·吉亚西 / 比尔·欧文 / 托弗·格雷斯 / 科莱特·沃夫 / 弗朗西斯·X.麦卡蒂 / 安德鲁·博尔巴 / 乔什·斯图沃特 / 莱雅·卡里恩斯 / 利亚姆·迪金森 / 杰夫·赫普内尔 / 伊莱耶斯·加贝尔 / 布鲁克·史密斯 / 大卫·奥伊罗 / 威廉·德瓦内 / 拉什·费加 / 格里芬·弗雷泽 / 弗洛拉·诺兰,近未来的地球黄沙遍野，小麦、秋葵等基础农作物相继因枯萎病灭绝，人类不再像从前那样仰望星空，放纵想象力和灵感的迸发，而是每日在沙尘暴的肆虐下倒数着所剩不多的光景。在家务农的前NASA宇航员库珀（马修·麦康纳 Matthew McConaughey 饰）接连在女儿墨菲（麦肯吉·弗依 Mackenzie Foy 饰）的书房发现奇怪的重力场现象，随即得知在某个未知区域内前NASA成员仍秘密进行一个拯救人类的计划。多年以前土星附近出现神秘虫洞，NASA借机将数名宇航员派遣到遥远的星系寻找适合居住的星球。在布兰德教授（迈克尔·凯恩 Michael Caine 饰）的劝说下，库珀忍痛告别了女儿，和其他三名专家教授女儿艾米莉亚·布兰德（安妮·海瑟薇 Anne Hathaway 饰）、罗米利（大卫·吉雅西 David Gyasi 饰）、多伊尔（韦斯·本特利 Wes B...,https://movie.douban.com/subject/1889243/
8,这个杀手不太冷,/ Léon,9.4,2553992,吕克·贝松,让·雷诺 / 娜塔莉·波特曼 / 加里·奥德曼 / 丹尼·爱罗 / 彼得·阿佩尔 / 迈克尔·巴达鲁科 / 艾伦·格里尼 / 伊丽莎白·瑞根 / 卡尔·马图斯维奇 / 弗兰克·赛格 / 麦温 / 乔治·马丁 / 罗伯特·拉萨多 / 亚当·布斯奇 / 马里奥·托迪斯科 / 萨米·纳塞利,里昂（让·雷诺饰）是名孤独的职业杀手，受人雇佣。一天，邻居家小姑娘马蒂尔达（纳塔丽·波特曼饰)敲开他的房门，要求在他那里暂避杀身之祸。原来邻居家的主人是警方缉毒组的眼线，只因贪污了一小包毒品而遭恶警（加里·奥德曼饰）杀害全家的惩罚。马蒂尔达得到里昂的留救，幸免于难，并留在里昂那里。里昂教小女孩使枪，她教里昂法文，两人关系日趋亲密，相处融洽。,https://movie.douban.com/subject/1295644/
9,盗梦空间,/ Inception,9.4,2327261,克里斯托弗·诺兰,莱昂纳多·迪卡普里奥 / 约瑟夫·高登-莱维特 / 艾利奥特·佩吉 / 汤姆·哈迪 / 渡边谦 / 迪利普·劳 / 基里安·墨菲 / 汤姆·贝伦杰 / 玛丽昂·歌迪亚 / 皮特·波斯尔思韦特 / 迈克尔·凯恩 / 卢卡斯·哈斯 / 李太力 / 克莱尔·吉尔蕾 / 马格努斯·诺兰 / 泰勒·吉蕾 / 乔纳森·吉尔 / 水源士郎 / 冈本玉二 / 厄尔·卡梅伦 / 瑞恩·海沃德 / 米兰达·诺兰 / 拉什·费加 / 蒂姆·科勒赫 / 妲露拉·莱莉,道姆·柯布（莱昂纳多·迪卡普里奥 Leonardo DiCaprio 饰）与同事阿瑟（约瑟夫·戈登-莱维特 Joseph Gordon-Levitt 饰）和纳什（卢卡斯·哈斯 Lukas Haas 饰）在一次针对日本能源大亨齐藤（渡边谦 饰）的盗梦行动中失败，反被齐藤利用。齐藤威逼利诱因遭通缉而流亡海外的柯布帮他拆分他竞争对手的公司，采取极端措施在其唯一继承人罗伯特·费希尔（希里安·墨菲 Cillian Murphy 饰）的深层潜意识中种下放弃家族公司、自立门户的想法。为了重返美国，柯布偷偷求助于岳父迈尔斯（迈克尔·凯恩 Michael Caine 饰），吸收了年轻的梦境设计师艾里阿德妮（艾伦·佩吉 Ellen Page 饰）、梦境演员艾姆斯（汤姆·哈迪 Tom Hardy 饰）和药剂师约瑟夫（迪利普·劳 Dileep Rao 饰）加入行动。在一层层...,https://movie.douban.com/subject/3541415/
10,楚门的世界,/ The Truman Show,9.4,2021305,彼得·威尔,金·凯瑞 / 劳拉·琳妮 / 艾德·哈里斯 / 诺亚·艾默里奇 / 娜塔莎·麦克艾霍恩,楚门（金•凯瑞 Jim Carrey 饰）是一个平凡得不能再平凡的人，除了一些有些稀奇的经历之外——初恋女友突然失踪、溺水身亡的父亲忽然似乎又出现在眼前，他和绝大多数30多岁的美国男人绝无异样。这令他倍感失落。他也曾试过离开自己生活了多年的地方，但总因种种理由而不能成行。,https://movie.douban.com/subject/1292064/
11,辛德勒的名单,/ Schindler's List,9.5,1248076,史蒂文·斯皮尔伯格,连姆·尼森 / 本·金斯利 / 拉尔夫·费因斯 / 卡罗琳·古多尔 / 乔纳森·萨加尔 / 艾伯丝·戴维兹 / 马尔戈萨·格贝尔 / 马克·伊瓦涅 / 碧翠斯·马科拉 / 安德烈·瑟韦林 / 弗里德里希·冯·图恩 / 克齐斯茨托夫·拉夫特 / 诺伯特·魏塞尔 / 维斯瓦夫·科马萨,1939年，波兰在纳粹德国的统治下，党卫军对犹太人进行了隔离统治。德国商人奥斯卡·辛德勒（连姆·尼森 Liam Neeson 饰）来到德军统治下的克拉科夫，开设了一间搪瓷厂，生产军需用品。凭着出众的社交能力和大量的金钱，辛德勒和德军建立了良好的关系，他的工厂雇用犹太人工作，大发战争财。,https://movie.douban.com/subject/1295124/
12,忠犬八公的故事,/ Hachi: A Dog's Tale,9.4,1544356,拉斯·霍尔斯道姆,理查·基尔 / 莎拉·罗默尔 / 琼·艾伦 / 罗比·萨布莱特 / 艾瑞克·阿瓦利 / 田川洋行 / 杰森·亚历山大 / 罗伯特·卡普荣,八公（Forest 饰）是一条谜一样的犬，因为没有人知道它从哪里来。教授帕克（理查·基尔 Richard Gere 饰）在小镇的火车站拣到一只走失的小狗，冥冥中似乎注定小狗和帕克教授有着某种缘分，帕克一抱起这只小狗就再也放不下来，最终，帕克对小狗八公的疼爱感化了起初极力反对养狗的妻子卡特（琼·艾伦 Joan Allen 饰）。八公在帕克的呵护下慢慢长大，帕克上班时八公会一直把他送到车站，下班时八公也会早早便爬在车站等候，八公的忠诚让小镇的人家对它更加疼爱。有一天，八公在帕克要上班时表现异常，居然玩起了以往从来不会的捡球游戏，八公的表现让帕克非常满意，可是就是在那天，帕克因病去世。帕克的妻子、女儿安迪（萨拉·罗默尔 Sarah Roemer 饰）及女婿迈克尔（罗比·萨布莱特 Robbie Sublett 饰）怀着无比沉痛的心情埋葬了帕克，可是不明就里的...,https://movie.douban.com/subject/3011091/
13,海上钢琴师,/ La leggenda del pianista sull'oceano,9.3,1880898,朱塞佩·托纳多雷,蒂姆·罗斯 / 普路特·泰勒·文斯 / 比尔·努恩 / 克兰伦斯·威廉姆斯三世 / 梅兰尼·蒂埃里 / 皮特·沃恩 / 尼尔·奥布赖恩 / 阿尔贝托·巴斯克斯 / 加布里埃莱·拉维亚 / 科里·巴克 / 西德尼·科尔 / 路易吉·德·卢卡 / 尼古拉·迪平托 / 费米·依鲁福祖 / 伊斯顿·盖奇 / 凯文·麦克纳利 / 布莱恩·普林格 / 沙拉·鲁宾 / 希思科特·威廉姆斯 / 阿妮妲·扎格利亚 / 安吉洛·迪洛雷塔,本片讲述了一个钢琴天才传奇的一生。,https://movie.douban.com/subject/1292001/
14,疯狂动物城,/ Zootopia,9.3,2322465,拜伦·霍华德,金妮弗·古德温 / 杰森·贝特曼 / 伊德瑞斯·艾尔巴 / 珍妮·斯蕾特 / 内特·托伦斯 / 邦妮·亨特 / 唐·雷克 / 汤米·钟 / J·K·西蒙斯 / 奥克塔维亚·斯宾瑟 / 艾伦·图代克 / 夏奇拉 / 雷蒙德·S·佩尔西 / 德拉·萨巴 / 莫里斯·拉马奇 / 菲尔·约翰斯顿 / 约翰·迪·马吉欧 / 凯蒂·洛斯 / 吉塔·雷迪 / 杰西·科尔蒂 / 汤米·利斯特 / 乔希·达拉斯 / 瑞奇·摩尔 / 凯斯·索西 / 彼得·曼斯布里奇 / 拜伦·霍华德 / 杰拉德·布什 / 马克·史密斯 / 乔西·特立尼达 / 约翰·拉维尔 / 克里斯汀·贝尔 / 吉尔·科德斯 / 梅利莎·古德温,故事发生在一个所有哺乳类动物和谐共存的美好世界中，兔子朱迪（金妮弗·古德温 Ginnifer Goodwin 配音）从小就梦想着能够成为一名惩恶扬善的刑警，凭借着智慧和努力，朱迪成功的从警校中毕业进入了疯狂动物城警察局，殊不知这里是大型肉食类动物的领地，作为第一只，也是唯一的小型食草类动物，朱迪会遇到怎样的故事呢？,https://movie.douban.com/subject/25662329/
15,三傻大闹宝莱坞,/ 3 Idiots,9.2,2080125,拉吉库马尔·希拉尼,阿米尔·汗 / 卡琳娜·卡普尔 / 马达范 / 沙尔曼·乔希 / 奥米·瓦依达 / 博曼·伊拉尼 / 莫娜·辛格 / 拉杰夫·拉宾德拉纳特安,本片根据印度畅销书作家奇坦·巴哈特（Chetan Bhagat）的处女作小说《五点人》（Five Point Someone）改编而成。法兰（马德哈万 R Madhavan 饰）、拉杜（沙曼·乔希 Sharman Joshi 饰）与兰乔（阿米尔·汗 Aamir Khan 饰）是皇家工程学院的学生，三人共居一室，结为好友。在以严格著称的学院里，兰乔是个非常与众不同的学生，他不死记硬背，甚至还公然顶撞校长“病毒”（波曼·伊拉尼 Boman Irani 饰），质疑他的教学方法。他不仅鼓动法兰与拉杜去勇敢追寻理想，还劝说校长的二女儿碧雅（卡琳娜·卡普 Kareena Kapoor 饰）离开满眼铜臭的未婚夫。兰乔的特立独行引起了模范学生“消音器”（奥米·维嘉 Omi Vaidya 饰）的不满，他约定十年后再与兰乔一决高下，看哪种生活方式更能取得成功。,https://movie.douban.com/subject/3793023/
16,机器人总动员,/ WALL·E,9.3,1494930,安德鲁·斯坦顿,本·贝尔特 / 艾丽莎·奈特 / 杰夫·格尔林 / 佛莱德·威拉特 / 西格妮·韦弗 / MacInTalk / 约翰·拉森贝格 / 凯茜·纳基麦 / 泰迪·牛顿 / 鲍伯·伯根 / 洛丽·理查德森 / 吉姆·瓦德 / 彼特·道格特 / 安德鲁·斯坦顿 / 杰夫·皮金 / 约翰·齐甘 / 米凯·麦高万 / 雪莉·琳恩 / 克莱特·惠特克 / 唐纳德·富利洛夫 / 罗里·艾伦 / 杰斯·哈梅尔 / 拉瑞恩·纽曼 / 扬·拉布森 / 保罗·伊丁,公元2805年，人类文明高度发展，却因污染和生活垃圾大量增加使得地球不再适于人类居住。地球人被迫乘坐飞船离开故乡，进行一次漫长无边的宇宙之旅。临行前他们委托Buynlarge的公司对地球垃圾进行清理，该公司开发了名为WALL·E（Waste Allocation Load Lifters – Earth 地球废品分装员）的机器人担当此重任。,https://movie.douban.com/subject/2131459/
17,放牛班的春天,/ Les choristes,9.3,1475055,克里斯托夫·巴哈蒂,让-巴蒂斯特·莫尼耶 / 热拉尔·朱尼奥 / 弗朗索瓦·贝莱昂 / 凯德·麦拉德 / 让-保罗·博奈雷 / 雅克·贝汉 / 玛丽·布奈尔 / 马克桑斯·贝汉 / 格雷戈里·加迪诺尔 / 托马斯·布伦门塔尔 / 西里尔·伯尔尼科特 / 西蒙·法戈特 / 泰奥杜尔·卡雷-卡赛尼 / 菲利普·杜·詹纳兰德 / 埃里克·德斯玛莱茨 / 狄迪尔·弗拉蒙 / Carole Weiss,1949年的法国乡村，音乐家克莱门特（热拉尔·朱尼奥 饰）到了一间外号叫“塘低”的男子寄宿学校当助理教师。学校里的学生大部分都是难缠的问题儿童，体罚在这里司空见惯，学校的校长（弗朗索瓦·贝莱昂 饰）只顾自己的前途，残暴高压。,https://movie.douban.com/subject/1291549/
18,无间道,/ 無間道,9.3,1566760,刘伟强,刘德华 / 梁朝伟 / 黄秋生 / 曾志伟 / 陈慧琳 / 郑秀文 / 陈冠希 / 余文乐 / 萧亚轩 / 林家栋 / 吴廷烨 / 林迪安 / 尹志强 / 许金峰 / 何华超 / 利沙华 / 区轩玮 / 李天翔 / 黄燕强 / 姚文基 / 余世腾 / 苏伟南 / 黎志伟 / 梁皓楷 / 张旭燊 / 袁伟豪 / 杜汶泽,1991年，香港黑帮三合会会员刘健明（刘德华）听从老大韩琛（曾志伟）的吩咐，加入警察部队成为黑帮卧底，韩琛许诺刘健明会帮其在七年后晋升为见习督察。1992年，警察训练学校优秀学员陈永仁（梁朝伟）被上级要求深入到三合会做卧底，终极目标是成为韩琛身边的红人。2002年，两人都不负重望，也都身背重压，刘健明渐想成为一个真正的好人，陈永仁则盼着尽快回归警察身份。,https://movie.douban.com/subject/1307914/
19,控方证人,/ Witness for the Prosecution,9.6,744666,比利·怀尔德,泰隆·鲍华 / 玛琳·黛德丽 / 查尔斯·劳顿 / 埃尔莎·兰彻斯特 / 约翰·威廉姆斯 / 亨利·丹尼尔 / 伊安·沃尔夫 / 托林·撒切尔 / 诺玛·威登 / 尤娜·奥康纳 / 弗朗西斯·康普顿 / 菲利普·唐格 / 茹塔·李 / 帕特里克·艾亨 / 唐·阿梅斯 / 沃尔特·培根 / 埃迪·贝克 / 本吉·班克罗夫特 / 约翰·巴顿 / 布兰登·比奇,伦敦著名刑案辩护律师韦菲爵士（查尔斯·劳顿 Charles Laughton 饰）接受了心脏病治疗，但是身体依旧虚弱，第一天回家休养，护士一直严厉监督他服药，并杜绝烟酒。管家为了便于上楼，还专门为他修了电梯。但是，种种关心照顾，对于这位桀骜不驯、牙尖嘴利的大律师根本不起作用，反倒是一纸诉状令他倍感兴奋。律师梅休和当事人沃尔（泰隆·鲍华 Tyrone Power饰）登门拜访，请他出山打官司。原来，沃尔结识了富婆，两人相见甚欢，虽然仆人对他发明的打蛋器充满鄙夷，但是富婆却对他充满爱意，甚至为他修改了遗嘱，把8万英镑留给了他。然而，富婆却惨遭毒手。于是，沃尔成为警方的头号嫌疑犯。他的唯一证人是妻子克里斯汀（玛琳·黛德丽 Marlene Dietrich饰），然而后者登门时的冷漠与淡定，令韦菲爵士怀疑这其中另有隐情。在扑朔迷离的案件背后，隐藏着一个个环环相扣...,https://movie.douban.com/subject/1296141/
20,寻梦环游记,/ Coco,9.1,1991966,李·昂克里奇,安东尼·冈萨雷斯 / 盖尔·加西亚·贝纳尔 / 本杰明·布拉特 / 阿兰娜·乌巴赫 / 芮妮·维克托 / 杰米·卡米尔 / 阿方索·阿雷奥 / 赫伯特·西古恩萨 / 加布里埃尔·伊格莱西亚斯 / 隆巴多·博伊尔 / 安娜·奥菲丽亚·莫吉亚 / 娜塔丽·科尔多瓦 / 赛琳娜·露娜 / 爱德华·詹姆斯·奥莫斯 / 索菲亚·伊斯皮诺萨 / 卡拉·梅迪纳 / 黛娅娜·欧特里 / 路易斯·瓦尔德斯 / 布兰卡·阿拉切利 / 萨尔瓦多·雷耶斯 / 切奇·马林 / 奥克塔维·索利斯 / 约翰·拉森贝格,热爱音乐的米格尔（安东尼·冈萨雷兹 Anthony Gonzalez 配音）不幸地出生在一个视音乐为洪水猛兽的大家庭之中，一家人只盼着米格尔快快长大，好继承家里传承了数代的制鞋产业。一年一度的亡灵节即将来临，每逢这一天，去世的亲人们的魂魄便可凭借着摆在祭坛上的照片返回现世和生者团圆。,https://movie.douban.com/subject/20495023/
21,大话西游之大圣娶亲,/ 西遊記大結局之仙履奇緣,9.2,1710966,刘镇伟,周星驰 / 吴孟达 / 朱茵 / 蔡少芬 / 蓝洁瑛 / 莫文蔚 / 罗家英 / 刘镇伟 / 陆树铭 / 李健仁,至尊宝（周星驰 饰）被月光宝盒带回到五百年前，遇见紫霞仙子（朱茵 饰），被对方打上烙印成为对方的人，并发觉自己已变成孙悟空。,https://movie.douban.com/subject/1292213/
22,熔炉,/ 도가니,9.3,1036928,黄东赫,孔刘 / 郑裕美 / 金贤秀 / 郑仁絮 / 白承焕 / 张矿 / 金民尚 / 林贤成 / 金周灵 / 严孝燮 / 全国焕 / 崔镇浩 / 金志映 / 严智星 / 许在浩 / 张素妍,来自首尔的哑语美术老师仁浩（孔宥 饰）来到雾津，应聘慈爱聋哑人学校。天降大雾，他意外撞车，维修时邂逅了人权组织成员柔珍（郑有美 饰）。仁浩妻子早亡，8岁女儿天生哮喘由祖母照看，所以他不辞辛苦谋职养家。然而，双胞胎的校长与教导主任竟逼仁浩索贿5千万韩元。同时，仁浩逐渐发现学校笼罩着一种紧张压抑的气氛，令人窒息。有三个孩子引人关注：聪颖的金妍斗（金贤秀 饰）、贪吃的陈宥利（郑仁絮 饰）和弟弟自杀身亡的全民秀（白承焕 饰），民秀总是满脸淤青。下课后，仁浩还听到女厕所中有呼喊与哭泣，在门卫的阻拦下他未深究。之后。他意外目睹了校长行贿警察，教导员毒打民秀，宿导溺罚妍斗的行径。一个惊天的隐秘被慢慢揭开，真相令韩国震惊……,https://movie.douban.com/subject/5912992/
23,触不可及,/ Intouchables,9.3,1297343,奥利维埃·纳卡什,弗朗索瓦·克鲁塞 / 奥玛·希 / 安娜·勒尼 / 奥德雷·弗勒罗 / 约瑟芬娜·德·摩 / 克洛蒂尔德·莫莱特 / 阿尔芭·贝露琪 / Cyril Mendy / 萨丽马特·卡马特 / Absa Diatou Toure / 格雷戈瓦·奥斯特曼 / 多米尼克·达吉尔 / 弗朗索瓦·卡隆 / Christian Ameri / 托马·索利韦尔,因为一次跳伞事故，白人富翁菲利普Philippe（弗朗索瓦·克鲁塞 François Cluzet 饰）瘫痪在床，欲招聘一名全职陪护。由于薪酬高，应聘者云集，个个舌灿莲花，却无法打动他的心。直到黑人德希斯Driss（奥玛·赛 Omar Sy 饰）的出现才让他作出决定。德希斯刚从监狱出来，背负家庭重担，一心只想寻张辞退信以申领救济金，而且他明显对女助理的兴趣要远大于这份工作。但是菲利普还是一眼相中了这个小伙子。于是，德希斯开始了一个月的试用期。虽然舒适的豪宅环境让他倍感虚荣，但是他仍面临很多挑战：不仅要为菲利普作身体复健，还得给他洗浴、灌肠、拆信、穿丝袜等。起初，两人的思维方式与价值观大相径庭，但是，随着了解的不断深入，他们成为了朋友……,https://movie.douban.com/subject/6786002/
24,教父,/ The Godfather,9.3,1108585,弗朗西斯·福特·科波拉,马龙·白兰度 / 阿尔·帕西诺 / 詹姆斯·肯恩 / 理查德·S·卡斯特尔诺 / 罗伯特·杜瓦尔 / 斯特林·海登 / 约翰·马利 / 理查德·康特 / 艾尔·勒提埃里 / 黛安·基顿 / 阿贝·维高达 / 塔莉娅·夏尔 / 吉亚尼·罗素 / 约翰·凯泽尔 / 鲁迪·邦德 / 兰尼·蒙大拿,40年代的美国，“教父”维托·柯里昂（马龙·白兰度 饰）是黑手党柯里昂家族的首领，带领家族从事非法的勾当，但同时他也是许多弱小平民的保护神，深得人们爱戴。,https://movie.douban.com/subject/1291841/
25,末代皇帝,/ The Last Emperor,9.3,1030232,贝纳尔多·贝托鲁奇,尊龙 / 陈冲 / 邬君梅 / 彼得·奥图尔 / 英若诚 / 吴涛 / 黄自强 / 丹尼斯·邓 / 坂本龙一 / 马吉·汉 / 容荣华 / 田川洋行 / 苟杰德 / 理查德·吴 / 皱缇格 / 陈凯歌 / 卢燕 / 蒋锡礽 / 陈述 / 鲍皓昕 / 黄文捷 / 邵茹贞 / 亨利·基 / 张良斌 / 梁冬 / 康斯坦丁·格雷戈里 / 黄汉琪 / 王涛 / 宋怀桂 / 蔡鸿翔 / 程淑艳 / 张天民,溥仪（尊龙 饰）的一生在电影中娓娓道来。他从三岁起登基，年幼的眼光中只有大臣身上的一只蝈蝈，江山在他心中只是一个不明所以的名词。长大了，他以为可以变革，却被太监一把火烧了朝廷账本。他以为自己是大清江山的主人，却做了日本人的傀儡。,https://movie.douban.com/subject/1293172/
26,哈利·波特与魔法石,/ Harry Potter and the Sorcerer's Stone,9.2,1424898,克里斯·哥伦布,丹尼尔·雷德克里夫 / 艾玛·沃森 / 鲁伯特·格林特 / 艾伦·瑞克曼 / 玛吉·史密斯 / 汤姆·费尔顿 / 伊恩·哈特 / 理查德·哈里斯 / 约翰·赫特 / 罗彼·考特拉尼 / 朱丽·沃特斯 / 邦妮·怀特 / 约翰·克里斯 / 肖恩·比格斯代夫,哈利波特是一个孤儿，从小寄养在姨妈家，受尽欺凌。但就在哈利11岁生日的时候，他意外收到了霍格沃茨学院的入学通知书。哈利从该学院派来接他的巨人海格口中得知，这是一间魔法学院，并得知了自己的身世，原来哈利的父母都是伟大的魔法师，在对付伏地魔的战斗中双双献身，唯有哈利幸免于难。,https://movie.douban.com/subject/1295038/
27,当幸福来敲门,/ The Pursuit of Happyness,9.1,1689752,加布里埃莱·穆奇诺,威尔·史密斯 / 贾登·史密斯 / 坦迪·牛顿 / 布莱恩·豪威 / 詹姆斯·凯伦 / 丹·卡斯泰兰尼塔 / 柯特·富勒 / 塔卡尤·费舍尔 / 凯文·韦斯特 / 乔治·张 / 戴维·迈克尔·西尔弗曼 / 多米尼克·博夫 / 杰弗·卡伦 / 乔伊芙·拉文 / 斯科特·克拉斯,克里斯•加纳（威尔·史密斯 Will Smith 饰）用尽全部积蓄买下了高科技治疗仪，到处向医院推销，可是价格高昂，接受的人不多。就算他多努力都无法提供一个良好的生活环境给妻儿，妻子（桑迪·牛顿 Thandie Newton 饰）最终选择离开家。从此他带着儿子克里斯托夫（贾登·史密斯 Jaden Smith 饰）相依为命。克里斯好不容易争取回来一个股票投资公司实习的机会，就算没有报酬，成功机会只有百分之五，他仍努力奋斗，儿子是他的力量。他看尽白眼，与儿子躲在地铁站里的公共厕所里，住在教堂的收容所里…… 他坚信，幸福明天就会来临。,https://movie.douban.com/subject/1849031/
28,龙猫,/ となりのトトロ,9.2,1412771,宫崎骏,日高范子 / 坂本千夏 / 糸井重里 / 岛本须美 / 北林谷荣 / 高木均 / 雨笠利幸 / 丸山裕子 / 广濑正志 / 鹫尾真知子 / 铃木玲子 / 千叶繁 / 龙田直树 / 鳕子 / 西村朋纮 / 石田光子 / 神代知衣 / 中村大树 / 水谷优子 / 平松晶子 / 大谷育江,小月的母亲生病住院了，父亲带着她与四岁的妹妹小梅到乡间的居住。她们对那里的环境都感到十分新奇，也发现了很多有趣的事情。她们遇到了很多小精灵，她们来到属于她们的环境中，看到了她们世界中很多的奇怪事物，更与一只大大胖胖的龙猫成为了朋友。龙猫与小精灵们利用他们的神奇力量，为小月与妹妹带来了很多神奇的景观，令她们大开眼界。,https://movie.douban.com/subject/1291560/
29,活着,/ 人生  /  Lifetimes,9.3,971594,张艺谋,葛优 / 巩俐 / 姜武 / 牛犇 / 郭涛 / 张璐 / 倪大红 / 肖聪 / 董飞 / 刘天池 / 董立范 / 黄宗洛 / 刘燕瑾 / 李连义 / 杨同顺,根据余华同名小说改编。,https://movie.douban.com/subject/1292365/
30,怦然心动,/ Flipped,9.1,2053386,罗伯·莱纳,玛德琳·卡罗尔 / 卡兰·麦克奥利菲 / 瑞贝卡·德·莫妮 / 安东尼·爱德华兹 / 约翰·马奥尼 / 佩内洛普·安·米勒 / 艾丹·奎因 / 凯文·韦斯曼 / 摩根·莉莉 / 瑞安·克茨纳 / 吉莉安·普法夫 / 迈克尔·博萨 / 博·勒纳 / 杰奎琳·埃沃拉 / 泰勒·格鲁秀斯 / 艾莉·布莱恩特 / 阿什莉·泰勒 / 伊瑟尔·布罗萨德 / 科迪·霍恩 / 迈克尔·博尔顿 / 肖恩·哈珀 / 斯戴芬妮·斯考特 / 帕特丽夏·伦茨 / 马修·戈尔德 / 阿罗拉·凯瑟琳·史密斯 / 凯莉·唐纳利 / 索菲亚·撒高 / 米歇尔·梅斯默 / 斯科特·乔尔·吉兹基 / 罗德·迈尔斯 / 卡拉 帕西托 / 凯特琳·帕西托,布莱斯（卡兰•麦克奥利菲 Callan McAuliffe 饰）全家搬到小镇，邻家女孩朱丽（玛德琳•卡罗尔 Madeline Carroll 饰）前来帮忙。她对他一见钟情，心愿是获得他的吻。两人是同班同学，她一直想方设法接近他，但是他避之不及。她喜欢爬在高高的梧桐树上看风景。但因为施工，树被要被砍掉，她誓死捍卫，希望他并肩作战，但是他退缩了。她的事迹上了报纸，外公对她颇有好感，令他十分困惑。她凭借鸡下蛋的项目获得了科技展第一名，成了全场焦点，令他黯然失色。她把自家鸡蛋送给他，他听家人怀疑她家鸡蛋不卫生，便偷偷把鸡蛋丢掉。她得知真相，很伤心，两人关系跌入冰点。她跟家人诉说，引发争吵。原来父亲一直攒钱照顾傻弟弟，所以生活拮据。她理解了父母，自己动手，还得到了他外公的鼎力相助。他向她道歉，但是并未解决问题。他开始关注她。鸡蛋风波未平，家庭晚宴与午餐男孩评选...,https://movie.douban.com/subject/3319755/
31,蝙蝠侠：黑暗骑士,/ The Dark Knight,9.2,1194173,克里斯托弗·诺兰,克里斯蒂安·贝尔 / 希斯·莱杰 / 艾伦·艾克哈特 / 迈克尔·凯恩 / 玛吉·吉伦哈尔 / 加里·奥德曼 / 摩根·弗里曼 / 莫尼克·加布里埃拉·库尔内 / 罗恩·迪恩 / 基里安·墨菲 / 黄经汉 / 内斯特·卡博内尔 / 埃里克·罗伯茨 / 里特奇·科斯特 / 安东尼·迈克尔·豪尔 / 基斯·斯扎拉巴基克 / 柯林·麦克法兰 / 约书亚·哈尔托 / 美琳达·麦格劳 / 内森·甘宝 / 迈克尔·维约 / 迈克尔·斯托扬诺夫 / 威廉·斯米利 / 丹尼·高德林 / 迈克尔·加·怀特 / 马修·奥尼尔 / 威廉·菲克纳 / 欧鲁米基·欧拉乌米 / 格雷格·比姆 / 爱利克·赫尔曼 / 毕崔斯·罗森 / 文森佐·尼克力 / 陈冠希,从亲眼目睹父母被人杀死的阴影中走出来的“蝙蝠侠”，经历了成长之后，已经不再是那个桀骜不的孤单英雄了。在警官吉姆·戈登和检查官哈维·登特的通力帮助下，“蝙蝠侠”无后顾之忧地继续满世界的奔波，与日益增长起来的犯罪威胁做着永无休止的争斗，而他所在的高谭市，也是进展最为明显的地方，犯罪率以一种惊人的速度持续下降着，毕竟对方是能够上天入地的“蝙蝠侠”，不借两个胆子谁还敢造次呢？不过像高谭这种科技与污秽并存的城市，平静是不可能维持太久的，果不其然，新一轮的混乱很快就席卷了整个城市，人们再一被被恐慌所笼罩着，而声称愿意为这一切负责的，自然就是所有混乱的源头以及支配者--“小丑”了。,https://movie.douban.com/subject/1851857/
32,指环王3：王者无敌,/ The Lord of the Rings: The Return of the King,9.3,911827,彼得·杰克逊,伊利亚·伍德 / 西恩·奥斯汀 / 维果·莫腾森 / 奥兰多·布鲁姆 / 伊恩·麦克莱恩 / 肖恩·宾 / 多米尼克·莫纳汉 / 丽芙·泰勒 / 约翰·贝西 / 凯特·布兰切特 / 比利·博伊德 / 萨德文·布罗菲 / 阿利斯泰尔·布朗宁 / 马尔顿·索克斯 / 伯纳德·希尔 / 伊安·霍姆 / 布鲁斯·霍普金斯 / 伊恩·休斯 / 劳伦斯·马克奥雷 / 诺埃尔·阿普利比 / 布雷特·麦肯齐 / Alexandra Astin / Sarah McLeod / Maisy McLeod-Riera / 约翰·诺贝尔 / Paul Norell / 米兰达·奥图 / 布鲁斯·菲利普斯 / 沙恩·朗吉 / 约翰·瑞斯-戴维斯 / 托德·里彭 / 安迪·瑟金斯 / Harry Sinclair / 乔尔·托贝克 / 卡尔·厄本 / 史蒂芬·乌瑞 / 雨果·维文 / 大卫·文翰 / 阿兰·霍华德 / 萨拉·贝克 / Robert Pollock / 佩特·史密斯 / 杰德·布罗菲 / 菲利普·格里夫 / 布拉德·道里夫 / 克里斯托弗·李 / 布鲁斯·斯宾斯 / 吉诺·阿赛维多 / Jarl Benzon / 乔恩·本宗 / 罗伯特·卡托 / Michael Elsworth / 彼得·杰克逊 / 桑德罗·科普 / 安德鲁·莱斯尼 / 约瑟夫·米卡-亨特 / 亨利·莫腾森 / 克雷格·帕克 / 克里斯蒂安·瑞沃斯 / 迈克尔·斯曼内科 / 霍华德·肖 / 约翰·斯蒂芬森 / 理查德·泰勒,魔幻战争逐渐进入高潮阶段。霍比特人佛罗多（伊利亚·伍德 Elijah Wood 饰）携带着魔戒，与伙伴山姆（西恩·奥斯汀 Sean Astin 饰）以及狡猾阴暗的咕噜等前往末日山，一路上艰难险阻不断，魔君索伦为阻止魔戒被销毁用尽全力阻挠。另一方面，白袍巫师甘道夫（伊恩·麦克莱恩 Ian McKellen 饰）率中土勇士们镇守刚铎首都——白城米那斯提里斯。魔兽大军压境，黑暗与光明的决战即将来临……,https://movie.douban.com/subject/1291552/
33,我不是药神,/ 中国药神  /  印度药神,9.0,2353238,文牧野,徐峥 / 王传君 / 周一围 / 谭卓 / 章宇 / 杨新鸣 / 王砚辉 / 王佳佳 / 贾弘逍 / 龚蓓苾 / 宁浩 / 李乃文 / 岳小军 / 苇青 / 富冠铭 / 巴拉特·巴蒂 / 喜利图 / 张海艳 / 朱耕佑,普通中年男子程勇（徐峥 饰）经营着一家保健品店，失意又失婚。不速之客吕受益（王传君 饰）的到来，让他开辟了一条去印度买药做“代购”的新事业，虽然困难重重，但他在这条“买药之路”上发现了商机，一发不可收拾地做起了治疗慢粒白血病的印度仿制药独家代理商。赚钱的同时，他也认识了几个病患及家属，为救女儿被迫做舞女的思慧（谭卓 饰）、说一口流利“神父腔”英语的刘牧师（杨新鸣 饰），以及脾气暴烈的“黄毛”（章宇 饰），几个人合伙做起了生意，利润倍增的同时也危机四伏。程勇昔日的小舅子曹警官（周一围 饰）奉命调查仿制药的源头，假药贩子张长林（王砚辉 饰）和瑞士正牌医药代表（李乃文 饰）也对其虎视眈眈，生意逐渐变成了一场关于救赎的拉锯战。,https://movie.douban.com/subject/26752088/
34,乱世佳人,/ Gone with the Wind,9.3,796818,维克多·弗莱明,费雯·丽 / 克拉克·盖博 / 奥利维娅·德哈维兰 / 托马斯·米切尔 / 芭芭拉·欧内尔 / 伊夫林·凯耶斯 / 安·卢瑟福德 / 乔治·里弗斯 / 弗莱德·克莱恩 / 海蒂·麦克丹尼尔斯 / 奥斯卡·波尔克 / 巴特弗莱·麦昆 / 维克托·乔里 / 埃弗雷特·布朗 / 霍华德·C·希克曼 / 艾丽西亚·瑞特 / 莱斯利·霍华德 / 兰德·布鲁克斯 / 卡洛尔·奈 / 劳拉·霍普·克鲁斯 / 埃迪·安德森 / 哈里·达文波特 / 利昂娜·罗伯特 / 简·达威尔 / 欧娜·满森 / 保罗·赫斯特 / 伊莎贝尔·朱尔 / 卡米·金·肯伦 / 艾瑞克·林登 / J·M·克里根 / 沃德·邦德 / 莉莲·肯布尔-库珀,美国南北战争前夕，南方农场塔拉庄园的千金斯嘉丽（费雯·丽 Vivien Leigh 饰）爱上了另一个农场主的儿子艾希礼（莱斯利·霍华德 Leslie Howard 饰），遭到了拒绝，为了报复，她嫁给了自己不爱的男人，艾希礼妻子梅兰妮（奥利维娅·德哈维兰 Olivia de Havilland 饰）的弟弟查尔斯。,https://movie.douban.com/subject/1300267/
35,飞屋环游记,/ Up,9.1,1502880,彼特·道格特,爱德华·阿斯纳 / 克里斯托弗·普卢默 / 乔丹·长井 / 鲍勃·彼德森 / 德尔罗伊·林多 / 杰罗姆·兰福特 / 约翰·拉森贝格 / 大卫·卡耶 / 艾丽·道克特 / 杰里米·利里 / 米凯·麦高万 / 丹尼·曼恩 / 唐纳德·富利洛夫 / 杰斯·哈梅尔 / 乔什·库雷 / 彼特·道格特,小男孩卡尔（Carl Fredricksen）怀揣着对于冒险的热爱偶遇假小子艾丽（Ellie），而艾丽把整个屋子当成一艘大飞船游戏居然使他对这个女孩子有些着迷，相同的爱好最终使两个人成为了一生的爱侣。,https://movie.douban.com/subject/2129039/
36,让子弹飞,/ 让子弹飞一会儿  /  火烧云,9.0,1922652,姜文,姜文 / 葛优 / 周润发 / 刘嘉玲 / 陈坤 / 张默 / 姜武 / 周韵 / 廖凡 / 姚橹 / 邵兵 / 苗圃 / 冯小刚 / 胡军 / 马珂 / 白冰 / 杜奕衡 / 李静 / 胡明 / 危笑 / 杨奇雨 / 赵铭,民国年间，花钱捐得县长的马邦德（葛优 饰）携妻（刘嘉玲 饰）及随从走马上任。途经南国某地，遭劫匪张麻子（姜文 饰）一伙伏击，随从尽死，只夫妻二人侥幸活命。马为保命，谎称自己是县长的汤 师爷。为汤师爷许下的财富所动，张麻子摇身一变化身县长，带着手下赶赴鹅城上任。有道是天高皇帝远，鹅城地处偏僻，一方霸主黄四郎（周润发 饰）只手遮天，全然不将这个新来的县长放在眼里。张麻子痛打了黄的武教头（姜武 饰），黄则设计害死张的义子小六（张默 饰）。原本只想赚钱的马邦德，怎么也想不到竟会被卷入这场土匪和恶霸的角力之中。鹅城上空愁云密布，血雨腥风在所难免……,https://movie.douban.com/subject/3742360/
37,哈尔的移动城堡,/ ハウルの動く城,9.1,1293501,宫崎骏,倍赏千惠子 / 木村拓哉 / 美轮明宏 / 我修院达也 / 神木隆之介 / 伊崎充则 / 大泉洋 / 大塚明夫 / 原田大二郎 / 加藤治子 / 都筑香弥子,继母因无力负担生活，将苏菲和她的两个妹妹都送到了制帽店去当学徒。两个妹妹很快先后就离开了制帽店去追寻各自的梦想，只有苏菲坚持了下来。一天，小镇旁边来了一座移动堡垒，传说堡垒的主人哈尔专吸取年青姑娘的灵魂，所以小镇的姑娘都不敢靠近。,https://movie.douban.com/subject/1308807/
38,十二怒汉,/ 12 Angry Men,9.4,580092,西德尼·吕美特,亨利·方达 / 马丁·鲍尔萨姆 / 约翰·菲德勒 / 李·科布 / E.G.马绍尔 / 杰克·克卢格曼 / 爱德华·宾斯 / 杰克·沃登 / 约瑟夫·史威尼 / 埃德·贝格利 / 乔治·沃斯科维奇 / 罗伯特·韦伯,一个在贫民窟长大的18岁少年因为涉嫌杀害自己的父亲被告上法庭，证人言之凿凿，各方面的证据都对他极为不利。十二个不同职业的人组成了这个案件的陪审团，他们要在休息室达成一致的意见，裁定少年是否有罪，如果罪名成立，少年将会被判处死刑。,https://movie.douban.com/subject/1293182/
39,海蒂和爷爷,/ Heidi,9.3,783900,阿兰·葛斯彭纳,阿努克·斯特芬 / 布鲁诺·冈茨 / 昆林·艾格匹 / 安娜·申茨 / 伊莎贝尔·奥特曼 / 莉莲·奈福 / 彼得·杰克林 / 克里斯托夫·高格勒 / 丽贝卡·因德穆 / 莫妮卡·古布瑟 / 阿瑟·比勒 / 玛丽埃塔·耶米 / 彼得·洛迈尔 / 卡塔琳娜·舒特勒 / 耶拉·哈泽 / 迈克尔·克兰茨 / 劳拉·帕克 / 马库斯·赫林 / 马克西姆·梅米特 / 汉娜洛蕾·赫格,孤儿海蒂（阿努克·斯特芬 饰）被姨母迪蒂（安娜·希恩斯 饰）送上了阿尔卑斯山，与远离小镇独居于高山的祖父（布鲁诺·甘茨 饰）一同生活。活泼的海蒂在这里如鱼得水，不仅收获了羊倌彼得（奎林·阿格里皮 饰）的友情和孤僻祖父的亲情，还与山下彼得的家人打成一片。一天，海蒂同彼得在山上放羊，姨母突然出现，连哄带骗将海蒂卖到法兰克福的泽塞曼家。从此，目不识丁的海蒂成为了小姐克拉拉（伊莎贝尔·奥特曼 饰）的伴读。克拉拉幼年丧母，大病一场再不能站立，只能被困在豪宅中与轮椅相伴。父亲（马克西姆·梅米特 饰）常年在外很少回家，寂寞的克拉拉把海蒂当成了救命稻草。海蒂能适应泽塞曼家的新生活吗？远在天边的祖父和彼得还能再见吗？克拉拉的腿还有好起来的希望吗？,https://movie.douban.com/subject/25958717/
40,素媛,/ 소원,9.3,777330,李濬益,薛景求 / 严志媛 / 李来 / 金海淑 / 金相镐 / 罗美兰 / 杨真诚 / 权泰元,她（李来 饰）是一个美丽平凡的小女孩，和爸爸妈妈生活在位于街角的家中。家里经营着以她的名字素媛命名的杂货店，母亲（严智媛 饰）作为老板娘日夜忙碌不得闲暇，父亲则在工厂干着繁重的工作。在那个飘雨的早上，素媛打着雨伞独自上学。在离学校近在咫尺的地方，她遭遇一个相貌猥琐、酒气冲天的大叔，由此开启了她的悲剧之旅。柔嫩的小花遭到暴风雨无情摧残，受伤的岂止枝枝叶叶，更是那迎着阳光无忧成长的心。无良媒体铺天盖地大肆渲染，作为受害者的素媛一家仿佛成了周身污秽的耻辱之人，被四周诧异好奇的目光所包围。,https://movie.douban.com/subject/21937452/
41,猫鼠游戏,/ Catch Me If You Can,9.1,1213263,史蒂文·斯皮尔伯格,莱昂纳多·迪卡普里奥 / 汤姆·汉克斯 / 克里斯托弗·沃肯 / 马丁·辛 / 艾米·亚当斯 / 詹妮弗·加纳 / 伊丽莎白·班克斯 / 纳塔莉·贝伊 / 詹姆斯·布洛林 / 艾伦·旁派 / 南希·利内翰 / 布莱恩·豪威 / 弗兰克·约翰·休斯 / 克里斯·埃里斯,弗兰克（莱昂纳多·迪卡普里奥 Leonardo DiCaprio饰）是FBI有史以来年龄最小的通缉犯。他的犯罪手段神通广大，伪装身份的能力超乎常人，全美各地几乎都留下他的犯罪足迹。乔装医生、律师、飞行员，统统都是他曾经的身份。当然，弗兰克凭着这个“本领”，骗取了高达几百万的金额。,https://movie.douban.com/subject/1305487/
42,天空之城,/ 天空の城ラピュタ,9.2,1010598,宫崎骏,田中真弓 / 横泽启子 / 初井言荣 / 寺田农 / 常田富士男 / 永井一郎 / 糸博 / 鹫尾真知子 / 神山卓三 / 安原义人 / 槐柳二 / 鳕子,古老帝国拉普达是一座漂浮在空中的巨大的机器岛，传说那里已经无人居住，蕴藏着巨大的财富。因此，无论军方还是海盗，都在找寻着这座传说中的飞行岛。,https://movie.douban.com/subject/1291583/
43,鬼子来了,/ Devils on the Doorstep,9.3,716452,姜文,姜文 / 香川照之 / 袁丁 / 姜宏波 / 丛志军 / 李丛喜 / 泽田谦也 / 李海滨 / 蔡卫东 / 陈述 / 陈莲梅 / 史建全 / 陈强 / 宫路佳具 / 吴大维 / 梶冈润一 / 石山雄大 / 述平 / 姜武,第二次世界大战期间，中国河北挂甲台村的农民马大三（姜文饰）在日本人的统治下过着平静的生活。一个晚上，游击队绑架了日军陆军士兵花屋小三郎（香川照之饰）和翻译董汉臣，把他们捆绑塞入麻袋放在马大三家里，并吩咐马好好看管，几天后的大年三十来带人。马大三和村民战战兢兢地看守两人，花屋小三郎和董汉臣数次发出求救信号，皆被村民化解。半年过去了，村民们担心事情暴露，却又不敢把花屋等放了。,https://movie.douban.com/subject/1291858/
44,摔跤吧！爸爸,/ Dangal,9.0,1747855,涅提·蒂瓦里,阿米尔·汗 / 法缇玛·萨那·纱卡 / 桑亚·玛荷塔 / 阿帕尔夏克提·库拉那 / 沙克希·坦沃 / 塞伊拉·沃西 / 苏哈妮·巴特纳格尔 / 里特维克·萨霍里 / 吉里什·库卡尼,马哈维亚（阿米尔·汗 Aamir Khan 饰）曾经是一名前途无量的摔跤运动员，在放弃了职业生涯后，他最大的遗憾就是没有能够替国家赢得金牌。马哈维亚将这份希望寄托在了尚未出生的儿子身上，哪知道妻子接连给他生了两个女儿，取名吉塔（法缇玛·萨那·纱卡 Fatima Sana Shaikh 饰）和巴比塔（桑亚·玛荷塔 Sanya Malhotra 饰）。让马哈维亚没有想到的是，两个姑娘展现出了杰出的摔跤天赋，让他幡然醒悟，就算是女孩，也能够昂首挺胸的站在比赛场上，为了国家和她们自己赢得荣誉。,https://movie.douban.com/subject/26387939/
45,少年派的奇幻漂流,/ Life of Pi,9.1,1491472,李安,苏拉·沙玛 / 伊尔凡·可汗 / 拉菲·斯波 / 阿迪勒·侯赛因 / 塔布 / 阿尤什·坦东 / 加塔姆·贝鲁尔 / 阿彦·汗 / 穆德·阿巴斯·卡勒里 / 维比什·希瓦库玛 / 热拉尔·德帕迪约 / 詹姆斯·斋藤 / 俊·奈托 / 安德里亚·迪·斯戴法诺 / 沙拉万提·塞纳特 / 王柏杰 / 柯一正 / 黄健玮,故事开始于蒙特娄，也结束于蒙特娄。一名在找寻灵感的作家（拉菲·斯波 Rafe Spall 饰）无意间得知派·帕帖尔（伊尔凡·可汗 Irrfan Khan 饰）的传奇故事。派的父亲（阿迪勒·侯赛因 Adil Hussain 饰）开了一家动物园。因这样特殊的生活环境，少年派（苏拉·沙玛 Suraj Sharma 饰 ）对信仰与人的本性自有一套看法。在派17岁那一年，他的父母决定举家移民加拿大以追求更好的生活，而他也必须离开他的初恋情人。在前往加拿大的船上，他们遇见一位残忍成性的法国厨师（杰拉尔·德帕迪约 Gérard Depardieu 饰）。当天深夜在茫茫大海中，原本令派感到刺激无比的暴风雨一瞬间就成了吞噬货船的大灾难。派却奇迹般地活了下来，搭着救生船在太平洋上漂流，而且有一名最令人意想不到的同伴——理查德·帕克，一只孟加拉老虎。神奇的冒险旅程就这样意...,https://movie.douban.com/subject/1929463/
46,钢琴家,/ The Pianist,9.3,751536,罗曼·波兰斯基,阿德里安·布罗迪 / 托马斯·克莱舒曼 / 艾米莉娅·福克斯 / 米哈乌·热布罗夫斯基 / 埃德·斯托帕德 / 穆琳·利普曼 / 弗兰克·芬莱 / 茱莉亚·蕾娜 / 杰西卡·凯特·梅耶尔 / 理查德·赖丁斯,史标曼（艾德里安•布洛迪 Adrien Brody 饰）是波兰一家电台的钢琴师。二战即将爆发之时，他们全家被迫被赶进华沙的犹太区。在战争的颠沛流离中，家人和亲戚最终被纳粹杀害，而史标曼本人也受尽种种羞辱和折磨，他侥幸得到一位朋友的帮助，暂时有了藏身之处。战争愈加猛烈，朋友不得不抛下他回老家寻得安全的住所养育儿女。此时史标曼恶病缠身，却还要在搜捕中逃亡。在废墟的阁楼上他遇见了一名德国军官，在军官的要求下他弹奏了钢琴曲。美妙的琴声令德国军官萌发了恻隐之心，他暗暗帮助史标曼直到苏军对波兰的解放到来…… 影片根据波兰钢琴家瓦拉迪斯罗•斯皮曼(Wladyslaw Szpilman)的自传体小说《死亡城市》改编。,https://movie.douban.com/subject/1296736/
47,指环王2：双塔奇兵,/ The Lord of the Rings: The Two Towers,9.2,858795,彼得·杰克逊,伊利亚·伍德 / 西恩·奥斯汀 / 多米尼克·莫纳汉 / 奥兰多·布鲁姆 / 维果·莫腾森 / 伊恩·麦克莱恩 / 凯特·布兰切特 / 比利·博伊德 / 杰德·布罗菲 / 丽芙·泰勒 / 安迪·瑟金斯 / 米兰达·奥图 / 雨果·维文 / 布拉德·道里夫 / 卡卢姆·吉廷斯 / 伯纳德·希尔 / 布鲁斯·霍普金斯 / 克里斯托弗·李 / 纳撒尼尔·利斯 / 罗宾·马尔科姆 / 约翰·贝西 / 萨拉·贝克 / 克雷格·帕克 / 布鲁斯·菲利普斯 / Robert Pollock / 约翰·瑞斯-戴维斯 / 奥利维亚·田內 / 卡尔·厄本 / 史蒂芬·乌瑞 / 大卫·文翰 / 菲利普·格里夫 / 肖恩·宾 / 约翰·诺贝尔 / Jarl Benzon / 乔恩·本宗 / Ben Britton / 阿利斯泰尔·布朗宁 / Sean Button / 罗伯特·卡托 / 罗德尼·库克 / 卡尔洛斯·德林克沃特 / 西奥沙福瓦 / 本·弗兰舍姆 / Jonathan Harding / Lucas Hayward / 丹·汉纳 / 保罗·霍姆斯 / 杰森·霍德 / 彼得·杰克逊 / Sam Kelly / 桑德罗·科普,第二部在延续第一部风格的同时，故事呈现出多线发展的格局，情节有了更高的观赏性。,https://movie.douban.com/subject/1291572/
48,死亡诗社,/ Dead Poets Society,9.2,885556,彼得·威尔,罗宾·威廉姆斯 / 罗伯特·肖恩·莱纳德 / 伊桑·霍克 / 乔西·查尔斯 / 盖尔·汉森 / 迪伦·库斯曼 / 阿勒隆·鲁杰罗 / 詹姆斯·沃特斯顿 / 诺曼·劳埃德 / 柯特伍德·史密斯 / 卡拉·贝尔韦尔 / 利昂·波纳尔 / 乔治·马丁 / 乔·奥菲耶里 / 马特·凯里 / 凯文·库尼 / 拉腊·弗林·鲍尔 / 亚历桑德拉·鲍尔斯 / 梅洛拉·沃尔特斯 / 帕梅拉·伯勒尔 / 约翰·库宁汉姆 / 迪布拉·穆尼 / 库尔特·莱特纳 / 凯瑟·斯内德 / 霍纳斯·斯蒂克洛瑞斯 / 杰米·肯尼迪,威尔顿预备学院以其沉稳凝重的教学风格和较高的升学率闻名，作为其毕业班的学生，理想就是升入名校。新学期文学老师约翰·基汀（罗宾·威廉姆斯 饰）的到来如同一阵春风，一反传统名校的严肃刻板。,https://movie.douban.com/subject/1291548/
49,大话西游之月光宝盒,/ 西遊記第壹佰零壹回之月光寶盒,9.0,1367609,刘镇伟,周星驰 / 吴孟达 / 罗家英 / 蓝洁瑛 / 莫文蔚 / 江约诚 / 陆树铭 / 刘镇伟 / 朱茵 / 李健仁 / 李宝龙,孙悟空（周星驰）护送唐三藏（罗家英）去西天取经路上，与牛魔王合谋欲杀害唐三藏，并偷走了月光宝盒，此举使观音萌生将其铲除心思，经唐三藏请求，孙悟空被判五百年后重新投胎做人赎其罪孽。,https://movie.douban.com/subject/1299398/
50,绿皮书,/ Green Book,8.9,1895990,彼得·法雷里,维果·莫腾森 / 马赫沙拉·阿里 / 琳达·卡德里尼 / 塞巴斯蒂安·马尼斯科 / 迪米特·D·马里诺夫 / 迈克·哈顿 / P·J·伯恩 / 乔·柯蒂斯 / 玛姬·尼克松 / 冯·刘易斯 / 乔恩·索特兰 / 唐·斯达克 / 安东尼·曼加诺 / 保罗·斯隆 / 珍娜·劳伦索 / 肯尼斯·以色列 / 伊克博·塞巴 / 尼克·瓦莱隆加 / 大卫·安 / 迈克·切罗内 / 杰拉尔丁·辛格 / 马丁·巴特斯·布拉德福德 / 格拉伦·布莱恩特·班克斯 / 汤姆·维图 / 夏恩·帕特洛 / 丹尼斯·W·霍尔 / 吉姆·克洛克 / 戴恩·罗兹 / 布莱恩·斯泰潘内克 / 乔恩·迈克尔·戴维斯 / 布莱恩·库瑞 / 托尼亚·马尔多纳多,托尼（维果·莫腾森 Viggo Mortensen 饰）是一个吊儿郎当游手好闲的混混，在一家夜总会做侍者。这间夜总会因故要停业几个月，可托尼所要支付的房租和生活费不会因此取消，所以他的当务之急是去寻找另一份工作来填补这几个月的空缺。在这个节骨眼上，一位名叫唐雪莉（马赫沙拉·阿里 Mahershala Ali 饰）的黑人钢琴家提出雇佣托尼。,https://movie.douban.com/subject/27060077/
51,何以为家,/ كفرناحوم,9.1,1163947,娜丁·拉巴基,赞恩·阿尔·拉菲亚 / 约丹诺斯·希费罗 / 博鲁瓦蒂夫·特雷杰·班科尔 / 卡萨尔·艾尔·哈达德 / 法迪·尤瑟夫 / 海塔·塞德拉·伊扎姆 / 阿拉·乔什涅 / 娜丁·拉巴基 / 埃利亚斯·库利 / 努尔·艾尔·侯赛尼,法庭上，十二岁的男孩赞恩向法官状告他的亲生父母，原因是，他们给了他生命。是什么样的经历让一个孩子做出如此不可思议的举动？故事中，赞恩的父母在无力抚养和教育的状况下依然不停生育，作为家中的长子赞恩，弱小的肩膀承担了无数生活的重压。当妹妹被强行卖给商贩为妻时，赞恩愤怒离家，之后遇到一对没有合法身份的母子，相互扶持勉强生活。然而生活并没有眷顾赞恩，重重磨难迫使他做出了令人震惊的举动……,https://movie.douban.com/subject/30170448/
52,闻香识女人,/ Scent of a Woman,9.1,1025061,马丁·布莱斯特,阿尔·帕西诺 / 克里斯·奥唐纳 / 詹姆斯·瑞布霍恩 / 加布里埃尔·安瓦尔 / 菲利普·塞默·霍夫曼 / 理查德·文彻 / 布莱德利·惠特福德 / 罗谢尔·奥利弗 / 玛格丽特·埃金顿 / 汤姆·里斯·法雷尔 / 尼古拉斯·萨德勒 / 托德·路易斯 / 马特·史密斯 / 吉恩·坎菲尔德 / 弗兰西丝·康罗伊 / 朱恩·斯奎布 / 朗·埃达德 / 萨莉·墨菲 / 迈克尔·桑托罗 / 艾莉森·费尔德曼,查理（克里斯•奥唐纳 Chris O'Donnell  饰）是一个普通的中学生，他因为见证着一件恶作剧但又不想出卖朋友，于是面临着一道艰难的选择题——要么坦白，要么被学校勒退。而史法兰（阿尔•帕西诺 Al Pacino  饰）是一个退伍军官，因为意外失明，人生从顶点的辉煌滑落谷底。,https://movie.douban.com/subject/1298624/
53,大闹天宫,/ 大闹天宫 上下集  /  The Monkey King,9.4,510915,万籁鸣,邱岳峰 / 富润生 / 毕克 / 尚华 / 于鼎 / 李梓 / 刘广宁,话说在东土傲来国有一座花果山，山上有一尊石猴吸收日精月华化身为一只神猴（邱岳峰 音），统领着山中的猴子猴孙。为求得一件称心的宝贝，神猴孙大圣潜入龙宫，强硬求来大禹治水时的定海神针如意金箍棒。东海龙王（毕克 音）心有不甘，于是上天将此事诉诸玉帝（富润生 音）。玉皇大帝命令太白金星（尚华 音）下界招安，许以爵位。不知有诈的孙大圣欣然前往，却发现只是负责养马的弼马温。得知受骗的猴王反下天庭，与天兵天将在花果山展开大战……,https://movie.douban.com/subject/1418019/
54,黑客帝国,/ The Matrix,9.1,952275,莉莉·沃卓斯基,基努·里维斯 / 劳伦斯·菲什伯恩 / 凯瑞-安·莫斯 / 雨果·维文 / 格洛丽亚·福斯特 / 乔·潘托里亚诺 / 马库斯·钟 / 朱利安·阿拉汗加 / 马特·多兰 / 贝琳达·麦克洛里 / 安东尼·雷·帕克 / 罗伯特·泰勒 / 阿达·尼科德莫 / 罗温·维特 / 塔玛拉·布朗 / 纳塔莉·特珍 / 比尔·扬 / 克里斯·斯科特 / 纳许·埃哲顿,不久的将来，网络黑客尼奥（基奴李维斯 饰）对这个看似正常的现实世界产生了怀疑。他结识了黑客崔妮蒂（凯莉·安·摩丝 饰），并见到了黑客组织的首领墨菲斯（劳伦斯·菲什伯恩 饰）。墨菲斯告诉他，现实世界其实是由一个名叫“母体”的计算机人工智能系统控制，人们就像他们饲养的动物，没有自由和思想，而尼奥就是能够拯救人类的救世主。,https://movie.douban.com/subject/1291843/
55,指环王1：护戒使者,/ The Lord of the Rings: The Fellowship of the Ring,9.1,961898,彼得·杰克逊,伊利亚·伍德 / 西恩·奥斯汀 / 伊恩·麦克莱恩 / 维果·莫腾森 / 奥兰多·布鲁姆 / 多米尼克·莫纳汉 / 比利·博伊德 / 克里斯托弗·李 / 马尔顿·索克斯 / 梅根·爱德华兹 / 伊安·霍姆 / 凯特·布兰切特 / 阿兰·霍华德 / 马克·弗格森 / 肖恩·宾 / 萨拉·贝克 / 劳伦斯·马克奥雷 / 安迪·瑟金斯 / 彼得·麦肯齐 / 伊恩·穆内 / 克雷格·帕克 / 卡梅隆·罗德 / 约翰·瑞斯-戴维斯 / 丽芙·泰勒 / 大卫·韦瑟莱 / 雨果·维文 / 菲利普·格里夫 / 威廉·约翰逊 / 伊丽莎白·穆迪 / 布莱恩·瑟金特 / 杰德·布罗菲 / 诺曼·凯茨 / 兰德尔·威廉·库克 / 萨比恩·克洛森 / 西奥沙福瓦 / 本·弗兰舍姆 / 彼得·杰克逊 / 艾伦·李,比尔博·巴金斯是100多岁的霍比特人，住在故乡夏尔，生性喜欢冒险，在年轻时的一次探险经历中，他从怪物咕噜手中得到了至尊魔戒，这枚戒指是黑暗魔君索伦打造的至尊魔戒，拥有奴役世界的邪恶力量，能够统领其他几枚力量之戒，在3000年前的人类联盟和半兽人大军的战役中，联盟取得了胜利 ，并得到了至尊魔戒，数千年的辗转后，魔戒落到咕噜手中，被比尔博碰巧得到。,https://movie.douban.com/subject/1291571/
56,罗马假日,/ Roman Holiday,9.1,1049977,威廉·惠勒,奥黛丽·赫本 / 格利高里·派克 / 埃迪·艾伯特 / 哈特利·鲍尔 / 哈考特·威廉姆斯 / 玛格丽特·罗林斯 / 托里奥·卡米纳提 / 保罗·卡利尼 / 克劳迪奥·埃尔梅利 / 保拉·布鲁布尼 / 里佐·弗雷多里佐,欧洲某国的安妮公主（奥黛丽·赫本 Audrey Hepburn 饰）到访罗马，国务烦身，但她又厌倦繁文缛节。一天晚上，身心俱疲的她偷偷来到民间欣赏夜景，巧遇报社记者乔（格里高利·派克 Gregory Peck 饰）。二人把手同游，相当快乐。公主更是到乔的家中作客并在那过夜。,https://movie.douban.com/subject/1293839/
57,教父2,/ The Godfather: Part II,9.3,641511,弗朗西斯·福特·科波拉,阿尔·帕西诺 / 罗伯特·杜瓦尔 / 黛安·基顿 / 罗伯特·德尼罗 / 约翰·凯泽尔 / 塔莉娅·夏尔 / 李·斯特拉斯伯格 / 迈克尔·V·格佐 / G•D•斯普拉德林 / 理查德·布赖特 / 加斯通·莫辛 / 汤姆·罗斯奎 / 布鲁诺·柯比 / 弗兰克·西维罗 / 弗朗西丝卡·德·萨维奥 / 摩甘娜金 / 玛丽亚娜·希尔 / 莱奥波多·特里耶斯泰 / 多米尼克·查尼斯 / Amerigo Tot / 特洛伊·多纳休 / 约翰·阿普雷亚 / 乔·斯皮内尔 / 阿贝·维高达 / 吉亚尼·罗素 / Maria Carta / 菲伊·斯潘 / 哈利·迪恩·斯坦顿 / 卡明·卡里迪 / 丹尼·爱罗 / 威廉·鲍尔斯 / 约瑟夫·德拉·索尔特 / 卡门·阿尔根齐亚诺 / 乔·罗·格里普 / Ezio Flagello / 凯瑟琳·贝勒 / Saveria Mazzola / Tito Alba / 彼得·多纳特 / 汤姆·达尔格伦 / Phil Feldman / 罗杰·科曼 / 伊凡·科尔 / 艾丽卡·约恩 / Teresa Tirelli / 詹姆斯·肯恩 / Italia Coppola / 罗曼·科波拉 / 索菲亚·科波拉 / 朱莉·格雷格 / George Holmes / Buck Houghton / Shep Houghton / 小杉正一 / 加里·库尔茨 / Laura Lyons / 理查德·麦瑟森 / 约翰·梅根纳 / Harrison Ressler / Al Roberts / Hank Robinson / Filomena Spagnuolo,迈克尔（阿尔·帕西诺 饰）是美利坚黑手党科利昂家族的头目。 迈克尔的父亲维托·安多里尼（罗伯特·德尼罗 饰）出生于意大利科利昂镇。1901年，维托的父亲安东尼奥、兄长保罗、母亲（玛丽亚·卡塔 饰）都死于黑手党西乔家族之手。9岁的维托只得漂洋过海逃亡美利坚谋生。入境时，海关官员（理查德·沃森 饰）将其名姓登记为维托·科利昂。 1958年，迈克尔为儿子安东尼（詹姆斯·古纳瑞斯 饰）举办了初领圣体的聚会，不想当晚便遭遇暗杀。迈克尔侥幸躲过一劫，两名杀手却被人灭口。 维托在异国他乡如何生存？他身负的血海深仇能否得报？想要迈克尔性命的是谁？将杀手灭口的又是谁？,https://movie.douban.com/subject/1299131/
58,狮子王,/ The Lion King,9.1,962754,罗杰·阿勒斯,乔纳森·泰勒·托马斯 / 马修·布罗德里克 / 杰瑞米·艾恩斯 / 詹姆斯·厄尔·琼斯 / 莫伊拉·凯利 / 内森·连恩 / 尼基塔·卡兰姆 / 埃林·萨贝拉 / 乌比·戈德堡 / 罗温·艾金森,辛巴是狮子王国的小王子，他的父亲穆法沙是一个威严的国王。然而叔叔刀疤却对穆法沙的王位觊觎已久。,https://movie.douban.com/subject/1301753/
59,天堂电影院,/ Nuovo Cinema Paradiso,9.2,742528,朱塞佩·托纳多雷,菲利普·努瓦雷 / 萨瓦特利·卡西欧 / 雅克·贝汉 / 马克·莱昂纳蒂 / 莱奥波多·特里耶斯泰 / 安东内拉·阿蒂利 / 恩佐·卡拉瓦勒 / 艾萨·丹尼埃利 / 里奥·故罗塔 / 普佩拉·玛奇奥 / 阿格妮丝·那诺 / 塔诺·希玛罗萨 / 尼古拉·迪平托 / 罗伯塔·蕾娜 / 尼诺·戴罗佐 / 玛丽娜·朱迪切 / 比阿特丽斯·帕姆 / 布丽吉特·佛西 / 朱塞佩·托纳多雷,意大利南部小镇，古灵精怪的小男孩托托（萨瓦特利·卡西欧 饰）喜欢看电影，更喜欢看放映师阿尔弗雷多（菲利浦·诺瓦雷 饰）放电影，他和阿尔弗雷多成为了忘年之交，在胶片中找到了童年生活的乐趣。,https://movie.douban.com/subject/1291828/
60,饮食男女,/ 飲食男女,9.2,727184,李安,郎雄 / 杨贵媚 / 吴倩莲 / 王渝文 / 张艾嘉 / 归亚蕾 / 赵文瑄 / 陈昭荣 / 陈捷文 / 卢金城 / 唐语谦 / 洪其德 / 王瑞 / 杜满生 / 王玨 / 陈妤 / 左正芬 / 许敬民 / 聂卓晶 / 丁仲,台湾中国菜硕果仅存的大师老朱（郎雄）退休后，渐尝老年生活的诸多尴尬：每周日费心做出的一桌丰盛菜肴，并无将三个女儿（杨贵媚、吴倩莲、王渝文）齐齐拉到饭桌的吸引力，已经长大成人的她们，心里藏了许多比陪父亲吃饭更重要的事；多年老友的突然离世，令他在友情这块也有了缺口；而对厨师来讲最重要的味觉的丧失，则将其彻底推到人生的低谷。,https://movie.douban.com/subject/1291818/
61,辩护人,/ 변호인,9.2,659036,杨宇硕,宋康昊 / 金迎爱 / 吴达洙 / 郭度沅 / 任时完 / 宋永彰 / 郑元中 / 赵敏基 / 李杭娜 / 李星民 / 车光洙 / 韩基重 / 沈熙燮 / 赵莞基 / 李姃垠,1978年，只有高中学历的宋佑硕（宋康昊 饰）通过多年的艰苦努力，终于通过司法考试，并在成为法官后很快转行成为一名律师。他敏锐地从最新政策中嗅到商机，以不动产代书业务起家。虽然被同行讥讽为随时随地派发名片的夜店小弟，但佑硕不以为忤，一步一步朝着心中的目标迈进。他依靠赚来的钱让妻儿过上富足的生活，也还了七年前在饭店大婶那里欠下的良心债。进入20世纪80年代，韩国民主化斗争愈演愈烈。佑硕全然不管窗外事，关起门来继续赚钱。然而社会的巨变已经不容他置身事外，饭店大婶的儿子朴镇宇因从属的釜山读书联合会被控为左翼社团而遭到逮捕，更受到残酷的虐待和不公的指控。,https://movie.douban.com/subject/21937445/
62,本杰明·巴顿奇事,/ The Curious Case of Benjamin Button,9.0,1107163,大卫·芬奇,布拉德·皮特 / 凯特·布兰切特 / 朱莉娅·奥蒙德 / 芳妮·A·钱勃丝 / 伊莱亚斯·科泰斯 / 杰森·弗莱明 / 大卫·詹森 / 蒂尔达·斯文顿 / 艾丽·范宁 / 乔安娜·塞勒 / 乔什·斯图沃特 / 丹尼·文森 / 塔拉吉·P·汉森 / 马赫沙拉·阿里 / 菲奥娜·黑尔 / 唐娜·杜普兰提尔 / 兰斯·E·尼克尔斯 / 特德·曼森 / 克莱·卡伦 / 菲莉丝·萨莫维尔 / 杰瑞德·哈里斯 / 麦迪逊·贝蒂 / 汤姆·埃沃雷特 / 克里斯托弗·马克斯韦尔 / 伊利亚·沃里克,飓风正在侵袭美国新奥尔良，一位病危的老妇睁开了她的睡眼。老妇名叫戴茜（凯特·布兰切特饰），她叫女儿凯若琳（朱莉娅•奥蒙德饰）为她阅读一本日记。这本日记的作者叫本杰明•巴顿（布拉德•皮特饰）。本杰明出生在第一次世界大战停战之时，但生来便像个老人的他被父亲当作怪物，被遗弃在了养老院。本杰明在养老院与老人们一起生活。但谁都没有想到，本杰明逆向发育——越活越年轻！也许“越活越年轻”是某些人的梦想，但真正这样成长的本杰明却有了别人无法理解的烦恼与快乐。穿越半世纪的世界变革，本杰明身处其中，感受别人感受不到的感受。,https://movie.douban.com/subject/1485260/
63,搏击俱乐部,/ Fight Club,9.0,977993,大卫·芬奇,爱德华·诺顿 / 布拉德·皮特 / 海伦娜·伯翰·卡特 / 扎克·格雷尼尔 / 米特·洛夫 / 杰瑞德·莱托 / 艾恩·贝利 / 里奇蒙德·阿奎特 / 乔治·马奎尔,杰克（爱德华•诺顿 饰）是一个大汽车公司的职员，患有严重的失眠症，对周围的一切充满危机和憎恨。,https://movie.douban.com/subject/1292000/
64,美丽心灵,/ A Beautiful Mind,9.1,854817,朗·霍华德,罗素·克劳 / 艾德·哈里斯 / 詹妮弗·康纳利 / 克里斯托弗·普卢默 / 保罗·贝坦尼 / 亚当·戈德堡 / 乔什·卢卡斯 / 安东尼·拉普 / 贾森·加里-斯坦福德 / 贾德·赫希 / 奥斯汀·潘德尔顿 / 薇薇·卡登尼 / 吉莉·西蒙 / 维克多·斯坦巴赫 / 坦娅·克拉克 / 罗伊·辛尼斯 / 谢丽尔·霍华德 / 兰斯·霍华德 / 简·詹金斯 / 乔什·帕斯 / 瓦伦蒂娜·卡迪纳利 / 蒂格尔·F·伯格里 / 迈克尔·埃斯佩尔 / 艾米·瓦尔兹 / 小艾德.朱普 / 卡拉·奥奇格罗索 / 斯特里奥·萨万特 / 迈克尔·阿伯特 / 雷吉·奥斯汀 / 凯德·比特纳 / 理查·布莱恩特 / 丹·陈 / 乔纳·福尔肯 / 法布里奇奥·范特 / 斯科特·费恩斯特罗姆 / 迈克尔·菲奥里 / 塞斯·盖贝尔 / 埃文·哈特 / 杰森·霍顿 / 布莱丝·达拉斯·霍华德 / 朗·霍华德 / 多里·曼佐尔 / 罗伯特·迈尔斯 / 里德·彭尼 / 米尔斯·彼埃尔 / 肖恩·里德,本片是关于20世纪伟大数学家小约翰•福布斯-纳什的人物传记片。,https://movie.douban.com/subject/1306029/
65,穿条纹睡衣的男孩,/ The Boy in the Striped Pajamas,9.2,643112,马克·赫尔曼,阿萨·巴特菲尔德 / 维拉·法米加 / 卡拉·霍根 / 祖萨·霍尔 / 安贝尔·比蒂 / 拉斯洛·阿隆 / 大卫·休里斯 / 理查德·约翰逊 / 谢拉·汉考克 / 伊凡·弗雷贝利 / 贝拉·费斯彼姆 / 阿提拉·埃杰德 / 鲁伯特·弗兰德 / 大卫·海曼 / 吉姆·诺顿 / 杰克·塞隆 / 米哈利·绍鲍多什 / 泽索特·萨法尔·科夫卡 / 奥索利亚·茱莉娅·帕普,八岁男孩布鲁诺（Asa Butterfield 饰）一家随着纳粹军官父亲的一纸调令，由柏林搬迁到了乡下。失去了朋友们的布鲁诺很快对新家附近的“农庄”产生了兴趣，那里有一群身穿“条纹睡衣”的人终日忙碌，并且其中一个为布鲁诺一家服务，他形容肮脏，态度慎微。周遭环境和布鲁诺的举止让母亲暗暗担忧，但纳粹父亲制止家中任何怀疑既定政策的行为。,https://movie.douban.com/subject/3008247/
66,哈利·波特与死亡圣器(下),/ Harry Potter and the Deathly Hallows: Part 2,9.0,973012,大卫·叶茨,丹尼尔·雷德克里夫 / 艾玛·沃森 / 鲁伯特·格林特 / 海伦娜·伯翰·卡特 / 拉尔夫·费因斯 / 艾伦·瑞克曼 / 玛吉·史密斯 / 汤姆·费尔顿 / 邦妮·怀特 / 朱丽·沃特斯 / 迈克尔·刚本 / 伊文娜·林奇 / 多姆纳尔·格里森 / 克蕾曼丝·波西 / 詹森·艾萨克 / 海伦·麦克洛瑞 / 马修·刘易斯 / 梁佩诗 / 约翰·赫特 / 大卫·休里斯 / 加里·奥德曼 / 吉姆·布劳德本特 / 艾玛·汤普森 / 娜塔丽·特纳 / 蒂莫西·斯波 / 大卫·布拉德利 / 罗彼·考特拉尼 / 凯莉·麦克唐纳 / 塞伦·希德,当又一次和伏地魔（拉尔夫·费因斯 Ralph Fiennes 饰）的意识连通，哈利·波特（丹尼尔·雷德克里夫 Daniel Radcliffe 饰）断定最后一件魂器藏在霍格沃茨，于是和罗恩（鲁伯特·格林特 Rupert Grint 饰）、赫敏（艾玛·沃森 Emma Watson 饰）一同返回阴云密布的学校。在好友们的帮助下，他们成功驱逐了斯内普（艾伦·瑞克曼 Alan Rickman 饰），然而觉察到哈利目的的伏地魔则率领徒众向霍格沃茨逼近。食死徒、摄魂怪、巨人疯狂涌入这所有着悠久历史的魔法学校，正邪决战旋即爆发，一时间血雨腥风，死伤无数。从斯内普的眼泪中，哈利不仅了解到父辈的故事，也证实了藏缅于他体内最后的秘密。在此之后，他也和伏地魔迎来了最后的对决……,https://movie.douban.com/subject/3011235/
67,情书,/ Love Letter,8.9,1328765,岩井俊二,中山美穗 / 丰川悦司 / 酒井美纪 / 柏原崇 / 范文雀 / 篠原胜之 / 铃木庆一 / 田口智朗 / 加贺麻理子 / 光石研 / 铃木兰兰 / 盐见三省 / 中村久美 / 梅田凡乃 / 长田江身子 / 小栗香织 / 神户浩 / 酒井敏也 / 山口诗史 / 山崎一 / 德井优 / 武藤寿美,日本神户某个飘雪的冬日，渡边博子（中山美穗）在前未婚夫藤井树的两周年祭日上又一次悲痛到不能自已。正因为无法抑制住对已逝恋人的思念，渡边博子在其中学同学录里发现“藤井树” 在小樽市读书时的地址时，依循着寄发了一封本以为是发往天国的情书。,https://movie.douban.com/subject/1292220/
68,两杆大烟枪,"/ Lock, Stock and Two Smoking Barrels",9.1,679497,盖·里奇,杰森·弗莱明 / 德克斯特·弗莱彻 / 尼克·莫兰 / 杰森·斯坦森 / 斯蒂文·麦金托什 / 尼古拉斯·罗尔 / 维尼·琼斯 / 蓝尼·麦克林 / P.H.莫里亚蒂 / 弗兰克·哈珀 / 史蒂夫·斯威尼 / 休吉·里弗 / 罗尼·福克斯 / 斯蒂芬·马库斯 / 瓦斯·布莱克伍德 / 斯汀 / 杰克·亚伯拉罕 / 罗伯·布莱顿 / 薇拉·黛 / 阿兰·福德 / 席德·戈尔德 / 丹尼·约翰-儒勒 / 维克多·麦奎尔 / 安德鲁·蒂曼 / 马修·沃恩 / 布拉德·雅各布维茨,艾迪（尼克·莫伦）思维敏捷，是个玩牌高手。在三个好友的支持下，艾迪携巨资参加了黑社会的高额赌局，不想落入圈套，欠下50万的赌债。为了还清赌债，艾迪和朋友们绞尽脑汁，最终算计到一群毒贩身上，并为打劫购买了两杆老式烟枪。,https://movie.douban.com/subject/1293350/
69,窃听风暴,/ Das Leben der Anderen,9.2,633263,弗洛里安·亨克尔·冯·多纳斯马尔克,乌尔里希·穆埃 / 马蒂娜·格德克 / 塞巴斯蒂安·科赫 / 乌尔里希·图库尔 / 托马斯·蒂梅 / 汉斯-尤韦·鲍尔 / 沃克马·克莱纳特 / 马提亚斯·布伦纳 / 查理·哈纳 / 赫伯特·克瑙普 / 巴斯蒂安·特罗斯特 / 玛丽·格鲁伯 / 维尔纳·德恩 / 马丁·布拉姆马赫 / 托马斯·阿诺德 / 辛纳克·勋纳曼 / 路德韦格·布洛克伯格 / 迈克尔·格伯 / 吉塔·施维赫夫 / 希尔德加德·斯罗德 / 伊嘉·比肯费尔德 / 凯·伊沃·保利兹 / 克劳斯·芒斯特,1984年的东德，整个社会笼罩在国家安全局的高压统治之下，特工魏斯曼（乌尔里希·穆埃 Ulrich Mühe 饰）奉命监听剧作家德莱曼（塞巴斯蒂安·科赫 Sebastian Koch 饰）及其女友演员克里斯蒂娜（马蒂娜·格德克 Martina Gedeck 饰）的生活，监听过程中，魏斯曼渐渐对这家人的生活产生了兴趣，开始暗中帮助他们。一篇刊登在西德《明镜》报上的文章引起了特工头目的注意，他们认为这篇文章是德莱曼写的，并逮捕了克里斯蒂娜，希望能够从她口中得出她丈夫的秘密？而审问克里斯蒂娜的正是魏斯曼……,https://movie.douban.com/subject/1900841/
70,功夫,/ 功夫3D  /  Kung Fu Hustle,8.9,1339795,周星驰,周星驰 / 元秋 / 元华 / 黄圣依 / 梁小龙 / 陈国坤 / 田启文 / 林子聪 / 林雪 / 冯克安 / 释彦能 / 冯小刚 / 袁祥仁 / 张一白 / 赵志凌 / 董志华 / 何文辉 / 陈凯师 / 贾康熙 / 林子善 / 任珈锐 / 王仕颖,1940年代的上海，自小受尽欺辱的街头混混阿星（周星驰）为了能出人头地，可谓窥见机会的缝隙就往里钻，今次他盯上行动日益猖獗的黑道势力“斧头帮”，想借之大名成就大业。,https://movie.douban.com/subject/1291543/
71,音乐之声,/ The Sound of Music,9.1,685694,罗伯特·怀斯,朱莉·安德鲁斯 / 克里斯托弗·普卢默 / 埃琳诺·帕克 / 理查德·海顿 / 佩吉·伍德 / 查尔敏·卡尔 / 希瑟·孟席斯-尤里克 / 尼古拉斯·哈蒙德 / 杜安·蔡斯 / 安吉拉·卡特怀特 / 黛比·特纳 / 基姆·卡拉思 / 安娜·李 / 波希娅·纳尔逊 / 本·怀特 / 丹尼尔·特鲁希特 / 诺玛·威登 / 吉尔克里斯特·斯图尔特 / 马妮·尼克松 / 埃瓦德妮·贝克 / 多丽丝·劳埃德 / 格特鲁德·阿斯特 / 弗兰克·贝克 / 史蒂夫·卡鲁瑟斯 / 山姆·哈里斯 / 多罗西·吉金斯 / 利奥达·理查德斯 / 杰弗里·塞尔 / 伯纳德·赛尔 / 诺尔曼·斯蒂凡斯 / 伯特史蒂文斯 / 玛丽亚·冯·特拉普,玛利亚（朱丽·安德鲁斯  饰）是一个年轻活泼的修女，喜欢在大自然下高声歌唱，所以她常常忘记了修道院里的规矩。院长认为玛利亚并不属于规矩严格的修道院。院长与众嬷嬷商量后，决定安排玛利亚到一位名叫特拉普（克里斯托弗·普卢默 饰）上校家当家庭教师。,https://movie.douban.com/subject/1294408/
72,哈利·波特与阿兹卡班的囚徒,/ Harry Potter and the Prisoner of Azkaban,9.0,893591,阿方索·卡隆,丹尼尔·雷德克里夫 / 艾玛·沃森 / 鲁伯特·格林特 / 加里·奥德曼 / 朱丽·沃特斯 / 邦妮·怀特 / 大卫·休里斯 / 迈克尔·刚本 / 艾伦·瑞克曼 / 玛吉·史密斯 / 汤姆·费尔顿 / 艾玛·汤普森 / 朱莉·克里斯蒂 / 蒂莫西·斯波,哈利（丹尼尔·雷德克里夫）即将在霍格沃兹渡过第三个年头，此时在阿兹塔班却传出恶棍小天狼星（加里·奥德曼）越狱的消息。据说小天狼星正是背叛哈利父母的好友，他的教父，而这次小天狼星越狱似乎正是为了找他。哈利的心里悄悄的滋生了为父母报仇的想法，期待着小天狼星的出现。,https://movie.douban.com/subject/1291544/
73,阿凡达,/ Avatar,8.8,1589103,詹姆斯·卡梅隆,萨姆·沃辛顿 / 佐伊·索尔达娜 / 西格妮·韦弗 / 史蒂芬·朗 / 米歇尔·罗德里格兹 / 吉奥瓦尼·瑞比西 / 乔·大卫·摩尔 / 希·庞德 / 韦斯·斯塔迪 / 拉兹·阿隆索 / 迪利普·劳 / 马特·杰拉德 / 肖恩·安东尼·莫兰 / 杰森·怀特 / 斯科特·劳伦斯 / 凯利·基尔戈 / 詹姆斯·皮特 / 肖恩·帕特里克·墨菲 / 彼得·狄龙 / 凯文·多曼 / 凯尔森·亨德森 / 大卫·范·霍恩 / 雅克布·托毛里 / 朱琳·雷妮 / 卢克·霍克 / 伍迪·舒尔茨 / 彼得·门萨 / 伊拉姆·崔 / 黛布拉·威尔逊 / 克里斯·马拉 / 马修·钱伯伦 / 詹姆斯·盖林 / 拉斯科·阿特金斯 / 乔恩·本宗 / 罗恩·贝特曼 / 罗伯特·卡托 / 罗德尼·库克 / 妮可·狄恩 / 安东尼·英格鲁伯 / 蒂姆·卡诺 / 卡米尔·基南 / 迪恩·诺斯利 / 艾玛·洛,战斗中负伤而下身瘫痪的前海军战士杰克·萨利（萨姆·沃辛顿 Sam Worthington 饰）决定替死去的同胞哥哥来到潘多拉星操纵格蕾丝博士（西格妮·韦弗 Sigourney Weaver 饰）用人类基因与当地纳美部族基因结合创造出的 “阿凡达” 混血生物。杰克的目的是打入纳美部落，外交说服他们自愿离开世代居住的家园，从而SecFor公司可砍伐殆尽该地区的原始森林，开采地下昂贵的“不可得”矿。在探索潘多拉星的过程中，杰克遇到了纳美部落的公主娜蒂瑞（佐伊·索尔达娜 Zoe Saldana 饰），向她学习了纳美人的生存技能与对待自然的态度。与此同时，SecFor公司的经理和军方代表上校迈尔斯（史蒂芬·朗 Stephen Lang 饰）逐渐丧失耐心，决定诉诸武力驱赶纳美人……,https://movie.douban.com/subject/1652587/
74,西西里的美丽传说,/ Malèna,8.9,1095441,朱塞佩·托纳多雷,莫妮卡·贝鲁奇 / 朱塞佩·苏尔法罗 / Luciano Federico / 玛蒂尔德·皮亚纳 / Pietro Notarianni / Gaetano Aronica / Gilberto Idonea / Angelo Pellegrino / Gabriella Di Luzio / Pippo Provvidenti / Maria Terranova / Marcello Catalano / 埃丽萨·莫鲁奇 / Domenico Gennaro / Vitalba Andrea / Giuseppe Pattavina / Franco Catalano / Daniele Arena / Giovanni Litrico / Gianluca Guarrera,当我还只是十三岁时，1941年春末的那一天，我初次见到了她那一天，墨索里尼向英法宣战，而我，得到了生命里的第一辆脚踏车。,https://movie.douban.com/subject/1292402/
75,看不见的客人,/ Contratiempo,8.8,1444118,奥里奥尔·保罗,马里奥·卡萨斯 / 阿娜·瓦格纳 / 何塞·科罗纳多 / 巴巴拉·莱涅 / 弗兰塞斯克·奥雷利亚 / 帕科·图斯 / 大卫·塞尔瓦斯 / 伊尼戈·加斯特西 / 圣·耶拉莫斯 / 马内尔·杜维索 / 布兰卡·马丁内斯 / 佩雷·布拉索 / 霍尔迪·布鲁内特 / 鲍比·冈萨雷斯 / 玛蒂娜·乌尔塔多,艾德里安（马里奥·卡萨斯 Mario Casas 饰）经营着一间科技公司，事业蒸蒸日上，家中有美丽贤惠的妻子和活泼可爱的女儿，事业家庭双丰收的他是旁人羡慕的对象。然而，野心勃勃的艾德里安并未珍惜眼前来之不易的生活，一直以来，他和一位名叫劳拉（芭芭拉·蓝妮 Bárbara Lennie 饰）的女摄影师保持着肉体关系。,https://movie.douban.com/subject/26580232/
76,拯救大兵瑞恩,/ Saving Private Ryan,9.1,726708,史蒂文·斯皮尔伯格,汤姆·汉克斯 / 汤姆·塞兹摩尔 / 爱德华·伯恩斯 / 巴里·佩珀 / 亚当·戈德堡 / 范·迪塞尔 / 吉奥瓦尼·瑞比西 / 杰瑞米·戴维斯 / 马特·达蒙 / 特德·丹森 / 保罗·吉亚玛提 / 丹尼斯·法里纳 / 马克斯·马蒂尼 / 丹兰·布鲁诺 / 丹尼尔·切尔奎拉 / 迪米特里·格里特萨斯 / 史蒂夫·格里芬 / 彼得·迈尔斯 / 亚当·肖 / 罗尔夫·萨克森 / 克里·约翰逊 / 洛克兰·艾肯 / 尚恩·约翰逊 / 莱尔德·曼辛托斯 / 安德鲁·斯科特 / 马修·夏普 / 文森特·沃尔什 / 约翰·沙拉恩 / 马丁·哈伯 / 罗非洛·迪格托勒 / 恩里奇·雷德曼 / 米歇尔·埃文斯 / 内森·菲利安 / 利兰·奥瑟 / 大卫·维格 / 瑞恩·赫斯特 / 哈威·普雷斯内尔 / 代尔·戴 / 布莱恩·克兰斯顿 / 大卫·沃尔 / 埃里克·罗兰 / 哈里逊·杨 / 凯思琳·拜荣 / 约翰·德·兰西 / 詹姆斯·恩布里 / 德里克·李 / 若昂·科斯塔·梅内塞斯 / 马克·施泰因迈尔,瑞恩（马特•达蒙 Matt Damon饰 ）是二战期间的美国伞兵，被困在了敌人后方。更不幸的是，他的三个兄弟全部在战争中死亡，如果他也遇难，家中的老母亲将无依无靠。,https://movie.douban.com/subject/1292849/
77,沉默的羔羊,/ The Silence of the Lambs,8.9,1018764,乔纳森·戴米,朱迪·福斯特 / 安东尼·霍普金斯 / 斯科特·格伦 / 安东尼·希尔德 / 布鲁克·史密斯 / 卡斯·莱蒙斯 / 弗兰基·费森 / 泰德·拉文 / 崔西·沃特 / 丹·巴特勒 / 达拉,联调局学院学员 Clarice M. Starling（朱迪·福斯特 饰）受行为科学组的 Jack Crawford（斯科特·格伦 饰）指派，前往州立巴尔的摩法医院访问被监禁的精神科医生 Hannibal Lecter（安东尼·霍普金斯 饰）。Lecter要求转到条件较好的联邦机构，远离常常折磨他的 Frederick Chilton 医生（安东尼·希尔德 饰），并愿意为此提供持续作案的连环杀手水牛比尔（泰德·莱文 饰）的心理分析……,https://movie.douban.com/subject/1293544/
78,小鞋子,/ بچه های آسمان,9.2,467701,马基德·马基迪,默罕默德·阿米尔·纳吉 / 阿米尔·法拉赫·哈什米安 / 巴哈丽·西迪奇 / 纳菲丝·贾法-穆罕默迪 / 费雷什特·萨拉班迪 / Dariush Mokhtari / 克里斯托弗·马利基,家境贫寒的男孩Ali（Amir Farrokh Hashemian）帮妹妹Zahra（Bahare Seddiqi）取修补好的鞋子时，不慎将鞋子弄丢，为了不被父（Mohammad Amir Naji）、母（Fereshte Sarabandi ）责罚，他央求Zahra暂时保密，说两人可以替换着穿他的鞋子上学，并答应一定会帮她买双新鞋子。,https://movie.douban.com/subject/1303021/
79,布达佩斯大饭店,/ The Grand Budapest Hotel,8.9,1088299,韦斯·安德森,拉尔夫·费因斯 / 托尼·雷沃罗利 / 阿德里安·布罗迪 / 威廉·达福 / 裘德·洛 / 爱德华·诺顿 / 西尔莎·罗南 / 蒂尔达·斯文顿 / 比尔·默瑞 / 蕾雅·赛杜 / 欧文·威尔逊 / 詹森·舒瓦兹曼 / 马修·阿马立克 / F·默里·亚伯拉罕 / 汤姆·威尔金森 / 杰夫·高布伦 / 哈威·凯特尔,故事要从一位无名作家（裘德·洛 Jude Law 饰）说起，为了专心创作，他来到了名为“布达佩斯”的饭店，在这里，作家遇见了饭店的主人穆斯塔法（F·莫里·亚伯拉罕 F. Murray Abraham 饰），穆斯塔法邀请作家共进晚餐，席间，他向作家讲述了这座饱经风雨的大饭店的前世今生。,https://movie.douban.com/subject/11525673/
80,蝴蝶效应,/ The Butterfly Effect,8.9,1070940,埃里克·布雷斯,阿什顿·库彻 / 梅洛拉·沃尔特斯 / 艾米·斯马特 / 埃尔登·亨森 / 威廉姆·李·斯科特 / 约翰·帕特里克·阿梅多利 / 艾琳·戈洛瓦娅 / 凯文·G·施密特 / 杰西·詹姆斯 / 罗根·勒曼 / 莎拉·威多斯 / 杰克·凯斯 / 卡梅隆·布莱特 / 埃里克·斯托尔兹 / 考乐姆·吉斯·雷尼 / 凯文·杜兰,伊万（艾什顿·库奇 Ashton Kutcher 饰）曾经有一个糟糕的童年，因为他行为闯下了大祸，令他童年充满不堪回忆的往事。而事实上，他确实只是依稀记得一点可怕的情景，这些情景一直纠缠着他的正常生活。伊万接受心理学家建议，把琐碎生活记在记事本里，却偶然发现通过记事本回到过去。,https://movie.douban.com/subject/1292343/
81,飞越疯人院,/ One Flew Over the Cuckoo's Nest,9.1,605624,米洛斯·福尔曼,杰克·尼科尔森 / 路易丝·弗莱彻 / 威廉·雷德菲尔德 / 克里斯托弗·洛伊德 / 威尔·萨姆森 / 特德·马克兰德 / 布拉德·道里夫 / 斯加特曼·克罗索斯 / 迈克尔·贝里曼 / 彼得·布罗科 / 穆瓦科·卡姆布卡 / 威廉·达尔 / 乔西普·艾利克 / 西德尼·拉斯克 / 凯·李 / 德怀特·马费尔德 / 路易莎·莫里茨 / 丹尼·德维托 / 菲利普·罗斯 / 米米·萨奇席恩 / 文森特·斯卡维利 / 米斯·斯马尔 / 德罗斯·V·史密斯,麦克墨菲（杰克·尼科尔森 Jack Nicholson 饰）为了逃避监狱里的强制劳动，装作精神异常，被送进了精神病院，他的到来，给死气沉沉的精神病院带来了剧烈的冲击。 麦克要求看棒球比赛的电视转播，挑战了医院严格的管理制度，受到护士长拉契特（路易丝·弗莱彻 Louise Fletcher 饰）的百般阻挠；麦克带领病人出海捕鱼，振奋了他们的精神，却让院方头痛不已。院方为了惩处麦克胆大妄为、屡犯院规，决定将他永远留在疯人院。生性自由的麦克再也无法忍受疯人院的生活，他联合病友，高大的印第安人“酋长”，开始自己的计划：飞越疯人院。 本片获1975年第48届奥斯卡最佳影片，最佳男、女主角，最佳导演和最佳改编剧本五项大奖。主人公“不自由，毋宁死”的精神在当今社会仍有很大的现实意义。,https://movie.douban.com/subject/1292224/
82,还有明天,/ C'è ancora domani,9.3,375244,宝拉·柯特莱西,宝拉·柯特莱西 / 瓦莱里奥·马斯坦德雷亚 / 罗马纳·马乔拉·韦尔加诺 / 埃马努艾拉·法内利 / 乔治·科兰杰利 / 维尼乔·马尔基奥尼 / 弗朗切斯科·琴托拉梅 / 雷法莱·维诺利 / 保拉·蒂齐亚娜·克鲁恰尼 / 尤夫·约瑟夫 / 阿莱西娅·巴雷拉 / 费德里科·托奇 / 普里西拉·米科尔·马里诺 / 玛丽亚·基娅拉·奥尔蒂 / 西尔维亚·萨尔瓦托雷 / 马提亚·巴尔多 / 詹马尔科·菲利皮尼 / 芭芭拉·基耶萨 / 加布里埃拉·保罗卡 / 阿尔曼多·德·拉扎,1946年二战后的意大利，女性地位依旧低下。底层女性迪莉娅（宝拉·柯特莱西 Paola Cortellesi 饰），每日在丈夫的暴虐下和生活琐碎中艰难生存，唯有女儿玛塞拉、朋友玛丽莎和每日难得的自由踱步是她痛苦生活中的慰藉……这时，迪莉娅意外收到一封神秘信件，一场出逃即将改变一切……,https://movie.douban.com/subject/36445098/
83,禁闭岛,/ Shutter Island,8.9,1116959,马丁·斯科塞斯,莱昂纳多·迪卡普里奥 / 马克·鲁法洛 / 本·金斯利 / 马克斯·冯·叙多夫 / 米歇尔·威廉姆斯 / 艾米莉·莫迪默 / 派翠西娅·克拉克森 / 杰基·厄尔·哈利 / 泰德·拉文 / 约翰·卡洛·林奇 / 伊莱亚斯·科泰斯 / 罗宾·巴特利特 / 克里斯托弗·邓汉 / 约瑟夫·斯科拉,本片根据美国小说家丹尼斯·勒翰（Dennis Lehane）的同名小说改编。 1954年，联邦警官泰迪（莱昂纳多·迪卡普里奥 Leonardo DiCaprio 饰）和搭档查克（马克·鲁弗洛 Mark Ruffalo 饰）乘船来到波士顿附近的禁闭岛精神病犯监狱调查一桩离奇失踪案。手刃亲生骨肉的女犯蕾切尔（艾米莉·莫迪默 Emily Mortimer 饰）从戒备森严的牢室神秘逃脱，藏匿于孤岛深处。泰迪怀疑监狱的主治精神病医师约翰·考利（本·金斯利 Ben Kingsley 饰）有意隐瞒内情，并向查克透露他上岛的真实目的其实是寻找当年纵火烧死他妻子德洛丽丝（米歇尔·威廉姆斯 Michelle Williams 饰）的管理员，并揭露美国政府利用精神病犯人进行人体科学实验的罪行。但随着调查的逐渐深入，真相却变得越来越扑朔迷离……,https://movie.douban.com/subject/2334904/
84,心灵捕手,/ Good Will Hunting,9.0,817389,格斯·范·桑特,马特·达蒙 / 罗宾·威廉姆斯 / 本·阿弗莱克 / 斯特兰·斯卡斯加德 / 明妮·德里弗 / 卡西·阿弗莱克 / 科尔·豪瑟 / 约翰·迈顿 / 丹·华盛顿 / 艾莉森·福兰德 / 维克·萨海 / 史蒂文·科兹洛夫斯基 / 斯科特·威廉姆·文特斯 / 吉米·弗林 / 乔治·普林普顿 / 弗朗切斯科·克莱门特,麻省理工学院的数学教授蓝波在席上公布了一道困难的数学题，却被年轻的清洁工威尔（马特·戴蒙 饰）解了出来。可是威尔却是个问题少年，成天和好朋友查克（本·阿弗莱特 饰）等人四处闲逛，打架滋事。当蓝波找到这个天才的时候，他正因为打架袭警被法庭宣判送进看守所。蓝波向法官求情保释，才使他免于牢狱之灾。,https://movie.douban.com/subject/1292656/
85,致命魔术,/ The Prestige,8.9,966557,克里斯托弗·诺兰,休·杰克曼 / 克里斯蒂安·贝尔 / 迈克尔·凯恩 / 丽贝卡·豪尔 / 斯嘉丽·约翰逊 / 大卫·鲍伊 / 安迪·瑟金斯 / 派珀·佩拉博 / 萨曼塔·马霍林 / 丹尼尔·戴维斯 / 吉姆·皮多克 / 克里斯托弗·尼姆 / 马克·瑞安 / 罗杰·里斯 / 杰米·哈里斯 / 罗恩·帕金斯 / 瑞奇·杰 / 安东尼·德·马克 / 冀朝理,19世纪末，人们对科学文明还不是认识得太过清楚，于是，安吉尔（休•杰克曼Hugh Jackman饰）和伯登（克里斯蒂安•贝尔Christian Bale饰）的魔术，成为了伦敦城内的神奇人物。安吉尔出身贵族，魔术手段华丽丰富，是富人圈子里的表演常客。而伯登即使出身平平，争强好胜的心智和充满创造力的魔术技巧，却也令他有了名气。两人自小本是要好的伙伴，然而，现在魔术界二人各有领地，并且都有野心想成为音乐大厅里的顶级魔术师，一番明争暗斗如箭在弦上。,https://movie.douban.com/subject/1780330/
86,低俗小说,/ Pulp Fiction,8.9,962470,昆汀·塔伦蒂诺,约翰·特拉沃尔塔 / 乌玛·瑟曼 / 阿曼达·普拉莫 / 蒂姆·罗斯 / 塞缪尔·杰克逊 / 菲尔·拉马 / 布鲁斯·威利斯 / 弗兰克·威利 / 布尔·斯蒂尔斯 / 文·瑞姆斯 / 劳拉·拉芙蕾丝 / 保罗·卡尔德龙 / 布罗娜·加拉赫 / 罗姗娜·阿奎特 / 埃里克·斯托尔兹 / 玛丽亚·德·梅黛洛,《低俗小说》由“文森特和马沙的妻子”、“金表”、“邦妮的处境”三个故事以及影片首尾的序幕和尾声五个部分组成。看似独立的小故事里面，却又有环环相扣的人和事。,https://movie.douban.com/subject/1291832/
87,哈利·波特与密室,/ Harry Potter and the Chamber of Secrets,8.9,920070,克里斯·哥伦布,丹尼尔·雷德克里夫 / 艾玛·沃森 / 鲁伯特·格林特 / 汤姆·费尔顿 / 理查德·格雷弗斯 / 费奥纳·肖 / 托比·琼斯 / 朱丽·沃特斯 / 邦妮·怀特 / 詹森·艾萨克 / 肯尼思·布拉纳 / 艾伦·瑞克曼 / 理查德·哈里斯 / 玛吉·史密斯 / 约翰·克里斯 / 肖恩·比格斯代夫 / 克里斯·兰金 / 克里斯蒂安·库尔森,哈利波特（丹尼尔•雷德克里夫 Daniel Radcliffe 饰）结束了假期，即将回到霍格沃兹继续学习魔法。一个叫多比的家养小精灵警告哈利不要回到霍格沃兹，否则会陷入极大的危险。哈利没有听从多比的劝告，回到了霍格沃兹。很快，霍格沃兹发生了一连窜怪事:接二连三出现学生被石化，一直找不出原因。而哈利总能听到一种奇怪的声音，从墙壁里传出来。,https://movie.douban.com/subject/1296996/
88,超脱,/ Detachment,9.0,725754,托尼·凯耶,阿德里安·布罗迪 / 马西娅·盖伊·哈登 / 詹姆斯·肯恩 / 克里斯蒂娜·亨德里克斯 / 刘玉玲 / 布莱思·丹纳 / 蒂姆·布雷克·尼尔森 / 威廉·彼德森 / 布莱恩·克兰斯顿 / 萨米·盖尔 / 路易斯·佐里奇 / 小伊塞亚·维特洛克 / 大卫·豪森 / 约翰·塞纳迭姆博 / 西莉亚·奥 / 罗南·鲁宾斯坦 / 阿尔·卡尔德隆 / 布雷南·布朗 / 里根·利奥纳德 / 詹姆斯·霍西 / 乔什·帕斯 / 瑞内·菲利斯·史密斯 / 道格·伊·道格 / 帕特里夏·雷 / 萨曼萨·罗根 / 拉尔夫·罗德里格斯,亨利•巴赫特（艾德里安•布洛迪 Adrien Brody 饰）来到社区学校担任代课老师。学校因学生反叛、经营不善而濒临绝境，多丽丝（刘玉玲 饰）为首的一批教师备受煎熬。亨利的第一堂课就遭遇了顽劣学生的挑衅，但是被他巧妙地化解。他赢得了女教师萨沙（克里斯蒂娜•亨德里克斯 Christina Hendricks）的好感。同时，他的教学方式引起了同学们的兴趣，其中就包括因肥胖而苦闷的梅丽迪斯。她一直默默地承受着因体重带来的各种责骂与嘲笑。但是因为老师，她似乎又找到了一切的理由……,https://movie.douban.com/subject/5322596/
89,一一,/ Yi yi  /  Yi yi: A One and a Two,9.1,513629,杨德昌,吴念真 / 李凯莉 / 金燕玲 / 张洋洋 / 萧淑慎 / 尾形一成 / 陈希圣 / 林孟瑾 / 陈以文 / 柯宇纶 / 张育邦 / 柯素云 / 唐如韫 / 徐淑媛 / 曾心怡 / 陶传正,NJ（吴念真）是个很有原则的生意人，同妻子敏敏（金燕玲）、女儿婷婷（李凯莉）、儿子洋洋（张杨洋）以及外婆住在台北某所普通公寓里。小舅子的一场麻烦婚礼过后，因为外婆突然中风昏迷，他迎来更加混乱的日子。,https://movie.douban.com/subject/1292434/
90,喜剧之王,/ 喜劇之王,8.8,1098948,周星驰,周星驰 / 张柏芝 / 莫文蔚 / 吴孟达 / 林子善 / 田启文 / 李兆基 / 成龙 / 李思捷 / 郑文辉,尹天仇（周星驰 饰）一直醉心戏剧，想成为一名演员，平时除了做跑龙套以外，还会在街坊福利会里开设演员训练班。此时舞小姐柳飘飘在妈妈桑的带领下来到这里要求学做戏，原来柳飘飘有一段非常不愉快的经历，在尹天仇对她指导的过程中，柳飘飘对尹天仇渐生情愫，同时她也成为了夜总会里当红的小姐。尹天仇受到了极多白眼之后，终于得到了大明星鹃姐（莫文蔚 饰）的赏识，提携他担演新戏中的男主角，但没想到突然把他的角色换掉了，令他失望不已。在片场当场务的卧底警员（吴孟达 饰）身份被识穿，尹天仇阴差阳错的帮忙破了案。之后尹天仇继续活跃在街坊福利会的演员训练班里。,https://movie.douban.com/subject/1302425/
91,杀人回忆,/ 살인의 추억,8.9,840551,奉俊昊,宋康昊 / 金相庆 / 金雷夏 / 宋在浩 / 边希峰 / 高瑞熙 / 柳泰浩 / 朴努植 / 朴海日 / 全美善 / 徐永嬅 / 崔钟律 / 柳承穆 / 申贤宗 / 李在应 / 郑仁仙 / 吴龙 / 朴镇宇 / 朴泰京 / 沈成宝,1986年，韩国京畿道华城郡，热得发昏的夏天，在田野边发现一具女尸，早已发臭。小镇警察朴探员（宋康昊饰）和汉城来的苏探员（金相庆饰）接手案件，唯一可证实的是这具女尸生前被强奸过。线索的严重缺乏让毫无经验的朴探员和搭档曹探员（金罗河饰）只凭粗暴逼供和第六感推断，几次将犯罪 嫌疑人屈打成招。而苏探员客观冷静，据理分析，几次排除嫌疑，警察内部为了证明与推翻矛盾不断，然而无辜女子还是接二连三被残忍杀害，他们只好达成共识一起合作。此时，一个极其符合作案特征的小青年（朴海日饰）成为最大嫌疑人，警方神经绷紧地锁定住他，同时DNA检测报告也被送往美国，然而案件并未在此处停止。,https://movie.douban.com/subject/1300299/
92,致命ID,/ Identity,8.9,953097,詹姆斯·曼高德,约翰·库萨克 / 雷·利奥塔 / 阿曼达·皮特 / 约翰·浩克斯 / 阿尔弗雷德·莫里纳 / 克里·杜瓦尔 / 约翰·C·麦金雷 / 威廉姆·李·斯科特 / 杰克·布塞 / 普路特·泰勒·文斯 / 瑞贝卡·德·莫妮 / 卡门·阿尔根齐亚诺 / 马绍尔·贝尔 / 莱拉·肯泽尔 / 马特·莱斯切尔 / 布莱特·罗尔 / 霍尔姆斯·奥斯本 / 弗雷德里克·科芬 / 乔·哈特 / 迈克尔·赫希 / 泰伦斯·伯尼·海恩斯,一个典型而又引人入胜的悬疑故事：一个汽车旅馆里，住进了10个人，他们中间有司机、妓女、过气女星、夫妇、警探和他的犯人，还有神秘的旅馆经理。这天风雨大作，通讯中断，10人被困在了旅馆里，惊悚的故事开始了。,https://movie.douban.com/subject/1297192/
93,摩登时代,/ Modern Times,9.3,348338,查理·卓别林,查理·卓别林 / 宝莲·高黛 / 亨利·伯格曼 / 蒂尼·桑福德 / 切斯特·康克林 / 汉克·曼 / 斯坦利·布莱斯通 / 阿尔·欧内斯特·加西亚 / 理查德·亚历山大 / 塞西尔·雷诺兹 / 米拉·麦金尼 / 默多克·麦夸里 / 威尔弗雷德·卢卡斯 / 爱德华·勒桑 / 弗雷德·马拉泰斯塔 / 萨米·斯坦 / 特德·奥利弗 / 诺曼·安斯利 / 博比·巴伯 / 海尼·康克林 / 格洛丽亚·德黑文 / 帕特·弗莱厄蒂 / 弗兰克·哈格尼 / 帕特·哈蒙 / 劳埃德·英格拉哈姆 / 沃尔特·詹姆斯 / 爱德华·金博尔 / 杰克·洛 / 巴迪·梅辛杰 / 布鲁斯·米切尔 / 弗兰克·莫兰 / 詹姆斯·C·莫顿 / 路易·纳托 / J·C·纽金特 / 拉斯·鲍威尔 / 约翰·兰德 / 哈里·威尔逊,二十年代的美国处于经济萧条时期，失业率居高不下，工人受尽压榨，成为了大机器生产中的一颗螺丝钉。查理（查理·卓别林 Charles Chaplin 饰）就是一个底层市民，他在一个机器隆隆的厂房里日以继夜地工作，以赚取微薄的收入。重复繁重的工作压得他喘不过气，他把人们的鼻子当成螺丝钉来拧，卷入流水线机器的皮带里，令人苦笑不得。,https://movie.douban.com/subject/1294371/
94,春光乍泄,/ 春光乍洩,9.0,711549,王家卫,张国荣 / 梁朝伟 / 张震 / 格利高里·戴顿,黎耀辉（梁朝伟）与何宝荣（张国荣）是一对同性恋人，为了有新的开始，他们怀着美丽的梦想（去看南美洲大瀑布）离开香港来到阿根廷，却在布宜诺斯艾利斯迷了路。黎耀辉想安下心来过日子，无奈何宝荣于夜夜笙歌中放纵着自己的生命，以期找寻更多的刺激，只当黎耀辉是他受伤后的港湾，两人分歧 、争吵越来越多，心的距离越来越远。,https://movie.douban.com/subject/1292679/
95,加勒比海盗,/ Pirates of the Caribbean: The Curse of the Black Pearl,8.8,972028,戈尔·维宾斯基,约翰尼·德普 / 杰弗里·拉什 / 奥兰多·布鲁姆 / 凯拉·奈特莉 / 杰克·达文波特 / 乔纳森·普雷斯,"故事发生在18世纪，传说中海盗最为活跃的加勒比海。风趣迷人的杰克·斯伯洛（约翰尼·德普 Johnny Depp 饰），是活跃在加勒比海上的海盗，拥有属于自己的“黑珍珠”号海盗船。对他来说，最惬意的生活就是驾驶着“黑珍珠”号在加勒比海上游荡，自由自在的打劫过往船只。但不幸 的是，他的仇敌，老谋深算的巴尔巴罗萨船长(杰弗里·拉什 Geoffrey Rush 饰)偷走了他的“黑珍珠”号。巴伯萨是一个无恶不作的坏蛋，他抢劫了杰克的""黑珍珠号""后，更加猖狂，在加勒比海上横行霸道，一时成为整个加勒比海的霸主。",https://movie.douban.com/subject/1298070/
96,海豚湾,/ The Cove,9.3,383133,路易·西霍尤斯,路易·西霍尤斯 / 瑞克·欧贝瑞 / 哈迪·琼斯 / 保罗·沃森 / 森下丈二 / 罗杰·S·佩恩 / 迈克尔·伊利夫 / 伊恩·坎贝尔 / 道格·德马斯特 / 戴夫·拉斯托维奇 / 查尔斯·汉柏顿 / 桜井速人 / 曼迪-蕾·克鲁克香克 / 柯克·克雷克 / 约翰·波特 / 汉娜·墨尔买德 / 杰夫·潘图克霍夫 / 伊莎贝尔·卢卡斯 / 海顿·潘妮蒂尔,日本和歌山县太地，是一个景色优美的小渔村，然而这里却常年上演着惨无人道的一幕。每年，数以万计的海豚经过这片海域，他们的旅程却在太地戛然而止。渔民们将海豚驱赶到靠近岸边的一个地方，来自世界各地的海豚训练师挑选合适的对象，剩下的大批海豚则被渔民毫无理由地赶尽杀绝。这些屠杀，这些罪行，因为种种利益而被政府和相关组织所隐瞒。,https://movie.douban.com/subject/3442220/
97,美国往事,/ Once Upon a Time in America,9.1,473639,赛尔乔·莱昂内,罗伯特·德尼罗 / 詹姆斯·伍兹 / 伊丽莎白·麦戈文 / 乔·佩西 / 伯特·杨 / 塔斯黛·韦尔德 / 特里特·威廉斯 / 丹尼·爱罗 / 理查德·布赖特 / 詹姆斯·海登 / 威廉·弗西斯 / 达兰妮·弗鲁格 / 拉里·拉普 / 理查德·弗让吉 / 罗伯特·哈珀 / 詹妮弗·康纳利,1933年，纽约流氓Noodles（罗伯特·德·尼罗 饰）因向哈洛伦警司（布鲁斯·巴伦堡 饰）通风报信害死了三名同伙而被追杀。逃亡之前，他打开了存放帮派基金的手提箱，里面却只有报纸。 1968年，已改名换姓的Noodles收到一封犹太会堂通知迁葬亲友的信。Noodles联系拉比，得知信是八个月前寄出的，他的三名同伙已被迁葬至一所豪华公墓。Noodles回到纽约，找老友莫（拉里·拉普 饰）了解情况，却一无所获。闲谈中，Noodles问起莫的妹妹黛博拉（伊丽莎白·麦戈文 饰）的情况，得知其已成名角。 原来，两人少时互有好感，但黛博拉（詹妮弗·康纳利 饰）志向高远脚踏实地，理智地将街头混混Noodles（斯科特·提勒 饰）拒于门外。 Noodles在公墓发现了一把钥匙，并用钥匙打开了当年存放手提箱的储物柜。这一次，箱子里有满满的百元钞，还有写着“下一份工作...,https://movie.douban.com/subject/1292262/
98,红辣椒,/ パプリカ,9.0,573015,今敏,林原惠美 / 江守彻 / 堀胜之祐 / 古谷彻 / 大塚明夫 / 山寺宏一 / 田中秀幸 / 兴梠里美 / 岩田光央 / 爱河里花子 / 川濑晶子 / 太田真一郎 / 福松进纱 / 胜杏里 / 宫下荣治 / 三户耕三 / 今敏 / 筒井康隆,近未来，为了治疗现代人类越来越多、越来越严重的精神疾病，位于东京的精神医疗综合研究所开发出一种可以反映他人梦境的机器。通过微型DC的帮助，梦境在显示器上呈现出来，更方便找到一个人焦虑的症结。,https://movie.douban.com/subject/1865703/
99,七宗罪,/ Se7en,8.8,1065937,大卫·芬奇,摩根·弗里曼 / 布拉德·皮特 / 凯文·史派西 / 格温妮斯·帕特洛 / 安德鲁·凯文·沃克 / 约翰·卡西尼 / 雷格·E·凯蒂 / 李·厄米,“暴食”、“贪婪”、“懒惰”、“嫉妒”、“骄傲”、“淫欲”、“愤怒”，这是天主教教义所指的人性七宗罪。城市中发生的连坏杀人案，死者恰好都是犯有这些教义的人。凶手故弄玄虚的作案手法，令资深冷静的警员沙摩塞（摩根•弗里曼 Morgan Freeman 饰）和血气方刚的新扎警员米尔斯（布拉德•皮特 Brad Pitt 饰）都陷入了破案的谜团中。他们去图书馆研读但丁的《神曲》，企图从人间地狱的描绘中找到线索，最后从宗教文学哲学的世界中找到了凶手作案计划和手段的蛛丝马迹。凶手前来投案自首，这令众人都松了一口气，以为案件就此结束，怎料还是逃不出七宗罪的杀人逻辑，这次凶手瞄准的目标，是那个犯了“愤怒”罪的人……,https://movie.douban.com/subject/1292223/
100,唐伯虎点秋香,/ 唐伯虎點秋香,8.8,1228725,李力持,周星驰 / 巩俐 / 陈百祥 / 郑佩佩 / 朱咪咪 / 梁家仁 / 苑琼丹 / 梁荣忠 / 黄一山 / 黄霑 / 吴镇宇 / 刘家辉 / 蓝洁瑛 / 谷德昭 / 陈辉虹 / 李健仁 / 宣萱 / 温翠苹,唐伯虎（周星驰 饰）身为江南四大才子之首，却有道不尽的心酸。宁王想唐伯虎帮忙图谋作反，唐伯虎只好用内功改变脉象，令众人都相信他命不久矣。母亲埋怨他不应该把功夫暴露，因为他们家族一直被当年的仇人追杀。唐伯虎在与朋友出游时，遇到了貌若天仙的秋香并对她一见钟情，决心要到华府当 家丁以追求秋香，唐伯虎被取名华安。期间华太师遇到了宁王上门刁难，幸好有唐伯虎出面相助，并暴露了自己是唐伯虎的身份。秋香才知道华安是自己欣赏的唐伯虎。华夫人跟唐家有怨，因此二人便开始斗法。怎料宁王跟夺命书生再次上门，华夫人不是对手，幸得唐伯虎出手，华夫人也答应把秋香许配给唐伯虎。,https://movie.douban.com/subject/1306249/
101,狩猎,/ Jagten,9.1,472941,托马斯·温特伯格,麦斯·米科尔森 / 托玛斯·博·拉森 / 安妮卡·韦德科普 / 拉丝·弗格斯托姆 / 苏西·沃德 / 亚历山德拉·拉帕波特 / 布贾内·亨里克森 / 安妮·路易丝·哈辛 / 拉斯·兰特,刚刚和妻子离婚的卢卡斯（麦斯·米科尔森 Mads Mikkelsen 饰）目前在一家托儿所工作，心地善良个性温和的他很快就受到了同事和孩子们的喜爱，其中，一个名叫卡拉（安妮卡·韦德科普 Annika Wedderkopp 饰）的早熟女孩对卢卡斯尤为的亲近。面对女孩幼稚 而单纯的示好，卢卡斯只能婉转的拒绝，可令他没有想到的是，这一举动将他的生活推向了风口浪尖。,https://movie.douban.com/subject/6985810/
102,幽灵公主,/ もののけ姫,8.9,672428,宫崎骏,松田洋治 / 石田百合子 / 田中裕子 / 小林薰 / 西村雅彦 / 上条恒彦 / 岛本须美 / 渡边哲 / 佐藤允 / 名古屋章 / 美轮明宏 / 森光子 / 森繁久弥,少年阿席达卡为解开诅咒之谜，意外卷入一场人类与森林的战争漩涡。由白狼养大的幽灵公主小桑，挥舞利刃守护森林圣地；而炼铁场的首领黑帽，为百姓生存不断掠夺森林，正策划着一场“弑神行动”......随着森林山兽神的现身，各方势力蠢蠢欲动，在这场跨越种族的生死博弈中，一个关于人类命运的终极秘密，即将揭晓……,https://movie.douban.com/subject/1297359/
103,甜蜜蜜,/ Comrades: Almost a Love Story,8.9,676973,陈可辛,黎明 / 张曼玉 / 杨恭如 / 曾志伟 / 杜可风 / 张同祖 / 诸慧荷 / 丁羽,改革开放初期，黎小军（黎明 饰）告别女友小婷（杨恭如 饰）从天津（国语版中为无锡）来到香港讨生活，期望有天挣到大钱把小婷接来与之风风光光地成婚，没料想日子会比想象中的难熬许多。,https://movie.douban.com/subject/1305164/
104,寄生虫,/ 기생충,8.8,1553466,奉俊昊,宋康昊 / 李善均 / 赵汝贞 / 崔宇植 / 朴素丹 / 李姃垠 / 张慧珍 / 郑知晓 / 朴明勋 / 朴叙俊 / 朴根禄 / 郑贤俊 / 朴孝新 / 安德烈亚斯·弗龙克,基宇（崔宇植 饰）出生在一个贫穷的家庭之中，和妹妹基婷（朴素丹 饰）以及父母在狭窄的地下室里过着相依为命的日子。一天，基宇的同学上门拜访，他告诉基宇，自己在一个有钱人家里给他们的女儿做家教，太太是一个头脑简单出手又阔绰的女人，因为自己要出国留学，所以将家教的职位暂时转交给基宇。,https://movie.douban.com/subject/27010768/
105,天书奇谭,/ 天书奇谭4K纪念版  /  The Legend of Sealed Book,9.2,337384,王树忱,丁建华 / 毕克 / 苏秀 / 程晓桦 / 施融 / 于鼎 / 杨成纯 / 孙渝烽 / 胡庆汉 / 尚华 / 刘广宁 / 乔榛 / 严崇德 / 伍经纬 / 童自荣 / 程玉珠 / 曹雷 / 王建新 / 杨文元 / 富润生 / 刘钦 / 刘风 / 翟巍 / 张欣 / 郭易峰 / 王肖兵,天庭有珍奇书籍“天书”，被锁在石龛门里三千年。看守天书的袁公对天书的内容好奇不已，他乘无人之际，偷偷拿出观看。原来，天书上记录了一百〇八条法术，袁公偷偷下凡，把天书上的内容刻在石壁上。但本意造福人类的袁公此举却触犯了天条，遭到了玉帝的惩罚。,https://movie.douban.com/subject/1428581/
106,蝙蝠侠：黑暗骑士崛起,/ The Dark Knight Rises,8.9,817241,克里斯托弗·诺兰,克里斯蒂安·贝尔 / 汤姆·哈迪 / 安妮·海瑟薇 / 约瑟夫·高登-莱维特 / 玛丽昂·歌迪亚 / 加里·奥德曼 / 迈克尔·凯恩 / 摩根·弗里曼 / 朱诺·坦普尔 / 乔什·平茨 / 丹尼尔·逊亚塔 / 内斯特·卡博内尔 / 伯恩·戈曼 / 连姆·尼森 / 乔伊·金 / 艾丹·吉伦 / 基里安·墨菲 / 乔什·斯图沃特 / 马修·莫迪恩 / 本·门德尔森,检察官哈维·登特（艾伦·艾克哈特 Aaron Eckhart 饰）死后的八年间，哥谭市在戈登警长（加里·奥德曼 Gary Oldman 饰）的努力下有效地遏制了犯罪活动。而蝙蝠侠布鲁斯·韦恩（克里斯蒂安·贝尔 Christian Bale 饰）因为背负谋杀登特的罪名，被 警方通缉，在哥谭市销声匿迹。然而，这看似平静的状态被恐怖分子贝恩（汤姆·哈迪 Tom Hardy 饰）的出现打破，他利用猫女（安妮·海瑟薇 Anne Hathaway 饰）偷取布鲁斯的指纹，致使韦恩集团面临破财，布鲁斯被赶出董事会。为了保证韦恩集团投资的能源项目不被坏人利用制造核弹，布鲁斯帮助米兰达（玛丽昂·歌迪亚 Marion Cotillard 饰）成为董事会主席。贝恩接下来一连串精密设计的计划将哥谭市陷入孤绝之境，毁灭之日指日可待。布鲁斯只能再次肩负起拯救哥谭的重任，然而至亲的...,https://movie.douban.com/subject/3395373/
107,超能陆战队,/ Big Hero 6,8.8,1149898,唐·霍尔,斯科特·安第斯 / 瑞恩·波特 / 丹尼尔·海尼 / T·J·米勒 / 郑智麟 / 小达蒙·韦恩斯 / 珍尼希斯·罗德里格兹 / 詹姆斯·克伦威尔 / 艾伦·图代克 / 玛娅·鲁道夫 / 亚布拉哈姆·本鲁比 / 凯蒂·洛斯 / 比利·布什 / 丹尼尔·吉尔森 / 保罗·布里格斯,未来世界的超级都市旧京山（San Fransokyo），热爱发明创造的天才少年小宏，在哥哥泰迪的鼓励下参加了罗伯特·卡拉汉教授主持的理工学院机器人专业的入学大赛。他凭借神奇的微型磁力机器人赢得观众、参赛者以及考官的一致好评，谁知突如其来的灾难却将小宏的梦想和人生毁于一旦。大火烧毁了展示会场，而哥哥为了救出受困的卡拉汉教授命丧火场。身心饱受创伤的小宏闭门不出，哥哥生前留下的治疗型机器人大白则成为安慰他的唯一伙伴。原以为微型机器人也毁于火灾，谁知小宏和大白竟意外发现有人在某座废弃工厂内大批量地生产他的发明。,https://movie.douban.com/subject/11026735/
108,7号房的礼物,/ 7번방의 선물,8.9,624372,李焕京,柳承龙 / 朴信惠 / 郑镇荣 / 金正泰 / 吴达洙 / 朴元尚 / 郑满植 / 葛素媛,1997年，只有6岁儿童智商的智障男子李龙久（柳成龙 饰）和可爱的女儿艺胜（葛素媛 饰）相依为命，生活虽然简单清贫，却充满幸福。某天，执着为女儿买美少女战士书包的龙久意外卷入一起幼童诱拐奸杀案，而死者竟是警察局长的女儿。龙久懵懂无知，搞不清状况，昏头昏脑就被投入监狱。在7号牢房中，聚集着走私犯蘇杨浩（吴达洙 饰）、诈骗犯崔春浩（朴元尚 饰）、通奸犯姜万范（金正泰 饰）、恐吓犯老徐（金基灿 饰）和抢劫犯申奉植（郑万植 饰）等五毒俱全的“社会渣滓”。龙久孩子般纯洁的心渐渐感动了这几个“大坏蛋”，他们甚至不惜冒险将艺胜带入牢房与父亲相会。,https://movie.douban.com/subject/10777687/
109,茶馆,/ The Teahouse,9.5,211153,谢添,于是之 / 郑榕 / 蓝天野 / 英若诚 / 黄宗洛 / 童超 / 金昭 / 林连昆 / 牛星丽 / 谭宗尧 / 童弟 / 吴淑昆 / 胡宗温 / 程中 / 李大千 / 李源 / 李翔 / 张瞳 / 任宝贤 / 尚丽娟 / 米铁增 / 田春奎 / 冯增祥 / 雷飞 / 林东升 / 孟瑾 / 孙峻峰 / 平原 / 曹世骧 / 王大年 / 王淑华 / 张华 / 丁海涛 / 朱旭 / 孙敬修 / 曹孟浪 / 何康理,世纪之交，古老的中国正迎来前所未有的巨大变革。老态龙钟的大清王朝摇摇欲坠，六君子的鲜血无法阻止历史车轮的滚动，老北京城的上空风云变幻，波谲云诡。王利发（于是之 饰），北京城内裕泰茶馆的年轻掌柜。他谨记父亲的教诲，体面周全地迎送四方宾客。小小的茶馆内，三教九流各色人等穿梭于此：提笼架鸟哀叹时运的松二爷（黄宗洛 饰）；慨叹国之将亡的刚毅满人常四爷（郑榕 饰）；一心谋求实业救国的秦仲义（蓝天野 饰）；丧尽天良买卖人口的刘麻子（英若诚 饰）；打算娶老婆的庞太监（童超 饰）……你方唱罢我登场，小小茶馆之内演尽世间的沧桑与凄凉……,https://movie.douban.com/subject/1461403/
110,第六感,/ The Sixth Sense,8.9,641652,M·奈特·沙马兰,布鲁斯·威利斯 / 海利·乔·奥斯蒙 / 托妮·科莱特 / 奥莉维亚·威廉姆斯 / 唐尼·沃尔伯格 / 特拉沃·摩根 / 彼得·安东尼·唐伯蒂斯 / 格伦·菲茨杰拉德 / 米莎·巴顿 / Lisa Summerour / 法尔德斯·巴姆 / 杰弗里·泽布尼斯,麦克（布鲁斯·威利斯 饰）是著名儿童心理学家，却也有始终未能治愈的患者，甚至因此遭到枪击，这名少年随后也饮枪自毙。这给麦克带来很大心理阴影，一年后他找到另一个症状很像这名患者的男孩柯尔（海利·乔·奥斯蒙 饰），并耐心的做起了他的医生。柯尔并不容易接近，但麦克还是慢慢赢得 了他的信任，得知了柯尔的秘密。原来柯尔有着灵异的第六感，可以看到鬼魂。虽然这令人感到难以置信，但麦克在证实了事情的真相后还是帮助柯尔接受了这个事实。,https://movie.douban.com/subject/1297630/
111,爱在黎明破晓前,/ Before Sunrise,8.8,805814,理查德·林克莱特,伊桑·霍克 / 朱莉·德尔佩 / 安德莉亚·埃克特 / 汉诺·波西尔 / 卡尔·布拉克施魏格尔 / 特克斯·鲁比诺威茨 / 埃尔尼·曼戈尔德 / 多米尼克·卡斯特尔 / 海蒙·玛丽亚·巴汀格 / 哈拉尔德·魏格莱因 / 汉斯·魏因加特纳 / 彼得·艾利·休默 / 休伯特·法比安·库尔特勒 / 约翰·斯洛斯 / 克里斯蒂安·安科维奇 / 亚当·戈德堡 / 保罗·波伊特,美国青年杰西（伊桑·霍克 Ethan Hawke 饰）在火车上偶遇了法国女学生塞琳娜（朱莉·德尔佩 Julie Delpy 饰），两人在火车上交谈甚欢。当火车到达维也纳时，杰西盛情邀请塞琳娜一起在维也纳游览一番，即使杰西翌日便要坐飞机离开。与杰西一见钟情的塞琳娜接受了杰西的邀请。,https://movie.douban.com/subject/1296339/
112,爱在日落黄昏时,/ Before Sunset,8.9,657731,理查德·林克莱特,伊桑·霍克 / 朱莉·德尔佩 / 弗农·多布切夫 / 路易丝·勒莫瓦纳·托雷斯 / 罗多尔·保利 / 玛丽安·普莱施泰格 / 迪亚博洛 / 丹尼·弗拉 / 艾伯特·德尔佩 / 玛丽·佩里,九年前，杰西（伊桑·霍克 Ethan Hawke 饰）与席琳（朱莉·德尔佩 Julie Delpy 饰）在火车上不期而遇，怦然心动。在维也纳渡过疯狂而又浪漫的一夜后，他们在日出前分手，并相约在维也纳重逢。,https://movie.douban.com/subject/1291990/
113,被嫌弃的松子的一生,/ 嫌われ松子の一生,8.8,777550,中岛哲也,中谷美纪 / 永山瑛太 / 香川照之 / 市川实日子 / 伊势谷友介 / 柄本明 / 黑泽明日香 / 荒川良良 / 柴崎幸 / 土屋安娜 / 奥之矢佳奈 / 谷原章介 / 武田真治 / 片平渚 / 宫藤官九郎 / 角野卓造 / 田中要次 / 木村凯拉 / 谷中敦 / 剧团一人,有一天父亲（香川照之饰）突然来找阿笙（瑛太饰），告诉他有个素未谋面的姑姑死了，叫他去收拾下姑姑的房子。在河边的破烂小屋里，阿笙渐渐开始了解父亲口中的姑姑，到底有着怎样的一生。,https://movie.douban.com/subject/1787291/
114,头脑特工队,/ Inside Out,8.8,811321,彼特·道格特,艾米·波勒 / 菲利丝·史密斯 / 理查德·坎德 / 比尔·哈德尔 / 刘易斯·布莱克 / 敏迪·卡灵 / 凯特林·迪亚斯 / 戴安·琳恩 / 凯尔·麦克拉克伦 / 波拉·庞德斯通 / 鲍比·莫尼汉 / 保拉·佩尔 / 大卫·戈尔兹 / 弗兰克·奥兹 / 乔什·库雷 / 弗利 / 约翰·拉森贝格 / 卡洛斯·阿拉斯拉奇 / 皮特·萨加尔 / 拉什达·琼斯 / 罗里·艾伦 / 约翰·齐甘 / 雪莉·琳恩 / 拉瑞恩·纽曼 / 帕丽斯·冯·戴克,可爱的小女孩莱莉（凯特林·迪亚斯 Kaitlyn Dias 配音）出生在明尼苏达州一个平凡的家庭中，从小她在父母的呵护下长大，脑海中保存着无数美好甜蜜的回忆。当然这些记忆还与几个莱莉未曾谋面的伙伴息息相关，他们就是人类的五种主要情绪：乐乐（艾米·波勒 Amy Poehl er 配音）、忧忧（菲利丝·史密斯 Phyllis Smith 配音）、怕怕（比尔·哈德尔 Bill Hader 配音）、厌厌（敏迪·卡灵 Mindy Kaling 配音）和怒怒（刘易斯·布莱克 Lewis Black 配音）。乐乐作为团队的领导，她协同其他伙伴致力于为小主人营造更多美好的珍贵回忆。某天，莱莉随同父母搬到了旧金山，肮脏逼仄的公寓、陌生的校园环境、逐渐失落的友情都让莱莉无所适从，她的负面情绪逐渐累积，内心美好的世界渐次崩塌。,https://movie.douban.com/subject/10533913/
115,哈利·波特与火焰杯,/ Harry Potter and the Goblet of Fire,8.8,806053,迈克·内威尔,丹尼尔·雷德克里夫 / 艾玛·沃森 / 鲁伯特·格林特 / 迈克尔·刚本 / 玛吉·史密斯 / 汤姆·费尔顿 / 蒂莫西·斯波 / 罗伯特·帕丁森 / 梁佩诗 / 大卫·田纳特 / 马克·威廉姆斯 / 埃里克·赛克斯 / 詹姆斯·菲尔普斯 / 奥利弗·菲尔普斯 / 邦妮·怀特 / 克蕾曼丝·波西 / 加里·奥德曼 / 杰夫·劳勒 / 詹森·艾萨克 / 斯坦尼斯拉夫·雅涅夫斯基 / 罗伯特·哈迪 / 阿什莉·阿尔图斯 / 亚历克斯·帕尔墨 / 罗格·洛伊德-派克 / 希拉·艾伦 / 苏·艾略特 / 大卫·斯特恩 / 玛格里·梅森 / 马修·刘易斯 / 罗彼·考特拉尼 / 威廉姆·麦灵 / 大卫·布拉德利 / 戴文·穆雷 / 艾芙珊·阿扎德 / 沃里克·戴维斯 / 弗朗西斯·德·拉·图瓦 / 谢发丽·裘德胡里 / 安吉拉珂·曼蒂 / 艾伦·瑞克曼 / 普雷德拉格·别拉茨 / 托尔加·塞弗尔 / 布莱丹·格里森 / 阿尔弗雷德·伊诺奇 / 路易·多伊尔 / 杰米·威莱特 / 乔什·赫德曼 / 夏洛特·斯凯奇 / 米兰达·理查森 / 罗伯特·威尔福特 / 蒂亚娜·本杰明 / 亨利·劳埃德-休斯 / 贾维斯·考科尔 / 强尼·格林伍德 / 菲尔·塞尔维 / 史蒂夫·麦基 / 杰森·巴克尔 / 斯蒂夫·克雷登 / 雪莉·亨德森 / 拉尔夫·费因斯 / 阿德里安·劳林斯 / 杰拉丁·萨莫维尔 / 拉斯科·阿特金斯 / 杰克·拜格利 / 葛蕾·贝拉玛西娜 / 保罗·戴维斯 / 巴里·道登 / 娜塔莉·哈拉姆,这是一个不同寻常的学期，魔法学校的盛事：三强争霸赛在霍格沃茨举行。学生们争先报名，希翼获得永恒无上的荣誉。火焰杯在选出三所学校的三名勇士后，竟将未足年龄的哈利也挑选出来。,https://movie.douban.com/subject/1309055/
116,未麻的部屋,/ Perfect Blue,9.1,428128,今敏,岩男润子 / 松本梨香 / 辻亲八 / 大仓正章 / 秋元羊介 / 盐屋翼 / 堀秀行 / 筱原惠美 / 江原正士 / 梁田清之 / 古泽彻 / 新山志保 / Emiko Furukawa / Aya Hara / 三木真一郎 / 山野井仁 / 田野惠 / 长嶝高士 / 陶山章央 / 细井治,当红三人少女偶像团体Charming Bird面临解散，核心成员雾越未麻在事务所的安排下不得不退出团体，转型成为一名电视剧演员。万事开头难，对于偶像歌手转型而来的未麻尤其如此，她在工作中承受着压力，闷闷不乐。与此同时，各种恐吓信不断、经纪人田所先生遇袭以及以自己的口吻在网站上写日记的神秘人都让未麻焦虑不已，恍惚间她甚至看到另一个自己。,https://movie.douban.com/subject/1395091/
117,重庆森林,/ 重慶森林,8.8,926696,王家卫,林青霞 / 金城武 / 梁朝伟 / 王菲 / 周嘉玲,编号为223的警察（金城武）失恋后患上失恋综合症，在与金发女杀手（林青霞）擦肩而过又离奇相遇并有了一晚温情后，原本以为包括“爱情”在内的所有东西都有保质期的他意外地迎来心灵的短暂温暖。可是，他们的爱情还是结束了。,https://movie.douban.com/subject/1291999/
118,借东西的小人阿莉埃蒂,/ 借りぐらしのアリエッティ,8.9,630573,米林宏昌,志田未来 / 神木隆之介 / 树木希林 / 三浦友和 / 大竹忍 / 竹下景子 / 藤原龙也,虽然患有心脏方面的疾病，但是少年翔（神木隆之介 配音）的父母依然对他疏于呵护。为了准备即将到来的手术，翔来到了位于偏远乡间的姨婆（竹下景子 配音）家静养。姨婆家位于一片幽静的丛林中，这是一幢有着上百年历史的欧式别墅。这里除了生活着姨婆和女佣阿春（树木希林 配音）外，还有一个奇特的三口之家，“借东西一族”——小人阿莉埃蒂（志田未来 配音）和她的爸爸（三浦友和 配音）妈妈（大竹忍 配音），他们生活在别墅的地板下，只有几公分高，过着不为人类察觉的生活。遇到所需的日常用品时，便会在夜深人静之时偷偷潜入厨房借出来。翔无意中瞥见阿莉埃蒂的身影，他有心接近这些传说中的小人，却不知不觉打扰了他们的生活…… 本片根据英国作家玛丽·诺顿的原著《借东西的小人》改编，并荣获2011年日本电影学院奖最佳动画片奖。,https://movie.douban.com/subject/4202302/
119,菊次郎的夏天,/ 菊次郎の夏,8.9,676376,北野武,北野武 / 关口雄介 / 岸本加世子 / 吉行和子 / 细川典江 / 大家由祐子 / 磨赤儿 / 铃木忠幸 / 井手博士 / 今村鼠 / 兼子二郎 / 田中要次 / 小岛可奈子,暑假到来，自幼丧父的小学三年级学生正男（关口雄介饰），如今和奶奶生活在一起，暑假特别无聊。他拿出母亲从外地寄回的信，准备自己一个人去爱知县丰桥市看望母亲。,https://movie.douban.com/subject/1293359/
120,入殓师,/ おくりびと,8.9,745284,泷田洋二郎,本木雅弘 / 广末凉子 / 山崎努 / 吉行和子 / 笹野高史 / 余贵美子,买了昂贵的大提琴，想要成就一番事业的小林大悟（本木雅弘 饰），经历了4个月的管弦乐演奏，得到的却是“乐团解散”的噩耗与购买乐器的高昂债务。迫不得已，大悟与妻子美香（广末凉子 饰）搬到老屋，过着清贫的日子。某日，一则广告吸引了大悟的注意：NK代理公司，帮助旅行，高薪短工时。大悟来到NK代理公司面试，社长佐佐木生荣（山崎努 饰）二话不说就决定聘用大悟，但却对工作内容避而不谈。在大悟的再三追问下，佐佐木社长终于道明：是入殓（日语Nou Kan）工作！,https://movie.douban.com/subject/2149806/
121,断背山,/ Brokeback Mountain,8.8,785964,李安,希斯·莱杰 / 杰克·吉伦哈尔 / 米歇尔·威廉姆斯 / 安妮·海瑟薇 / 凯特·玛拉 / 兰迪·奎德 / 琳达·卡德里尼 / 安娜·法瑞丝 / 格拉汉姆·贝克尔 / 斯科特·迈克尔·坎贝尔 / 大卫·哈伯 / 罗伯塔·马克斯韦尔 / 皮特·麦克罗比 / 夏恩·希尔 / 布鲁克琳·普劳克斯 / 杰克·丘奇,美国怀俄明州的西部，沉默寡言的农夫恩尼斯（希斯•莱杰饰）和热情开朗的牛仔杰克（杰克•吉伦希尔饰)一道被派到山上牧羊，那里人迹罕至，他们只有与羊群为伴，生活单调无味。一个天寒地冻的夜晚，在酒精与荷尔蒙的作用下，他们做了“不该做的事情”，也就此他们在断背山上度过了人生中最美好的时光。,https://movie.douban.com/subject/1418834/
122,剪刀手爱德华,/ Edward Scissorhands,8.7,1124056,蒂姆·波顿,约翰尼·德普 / 薇诺娜·瑞德 / 黛安·韦斯特 / 安东尼·迈克尔·豪尔 / 凯西·贝克 / 罗伯特·奥利维里 / 康查塔·费雷尔 / 卡罗琳·阿隆 / 迪克·安东尼·威廉姆斯 / 澳澜·琼斯 / 文森特·普莱斯 / 艾伦·阿金 / 苏珊·布洛马特 / 琳达·佩里 / 约翰·戴维森 / 比夫·耶格尔 / 玛蒂·格林伯格 / 布莱恩·拉肯 / 约翰·麦克马洪 / 维多利亚·普莱斯,爱德华（约翰尼•戴普 饰）是一个机器人，他拥有人的心智，却有一双剪刀手，孤独地生活在古堡里，闯入古堡的化妆品推销员佩格把他带回家，让他走进了人类的世界。单纯的爱德华爱上了佩格的女儿金（薇诺娜•瑞德 饰），金也慢慢的被爱德华的善良所吸引。,https://movie.douban.com/subject/1292370/
123,勇敢的心,/ Braveheart,8.9,607478,梅尔·吉布森,梅尔·吉布森 / 苏菲·玛索 / 布莱恩·考克斯 / 詹姆斯·科兹莫 / 辛·劳洛 / 凯瑟琳·麦克马克 / 安古斯·麦克菲登,威廉•华莱士童年时，其父、苏格兰民族英雄马索•华莱士在与英军的斗争中牺牲，他开始接受父亲好友的指导，学习苏格兰文化和武术。青年华莱士（梅尔•吉布森）学成回到故乡，向美丽的少女梅伦求婚，不想梅伦被英军抢去且遭杀害。在广大村民“英雄之后”的呼声中，华莱士率众揭竿起义，并与苏格兰贵族罗伯结成联盟，但不久他发现，苏格兰贵族考虑的只是自身的利益。,https://movie.douban.com/subject/1294639/
124,时空恋旅人,/ About Time,8.8,797876,理查德·柯蒂斯,多姆纳尔·格里森 / 瑞秋·麦克亚当斯 / 比尔·奈伊 / 莉迪亚·威尔逊 / 琳赛·邓肯 / 理查德·科德里 / 约书亚·麦圭尔 / 汤姆·霍兰德尔 / 玛格特·罗比 / 威尔·梅瑞克 / 凡妮莎·柯比 / 汤姆·休斯 / 哈利·海顿-佩顿 / 米切尔·马伦 / 丽莎·艾科恩 / 珍妮·莱恩斯福德 / 菲利普-沃斯 / 凯瑟琳·斯戴曼 / 汤姆·斯托顿 / 安部春香 / 李·阿斯奎斯-柯 / 理查德·班克斯 / 保罗·布莱克维尔 / 贝恩·科拉科 / 格拉姆·柯里 / 罗薇娜·戴蒙德 / 约翰·达根 / 迪诺·法赞尼 / 内芙·加切夫 / 理查德·E·格兰特 / 理查德·格雷弗斯 / 李·尼古拉斯·哈里斯 / 理查德·赫德曼 / 李仙湖 / 马修·C·马蒂诺 / 马汀·麦格 / 艾莉克丝·摩尔,Tim（多姆纳尔·格利森 Domhnall Gleeson 饰）21岁了，他的老爸（比尔·奈伊 Bill Nighy 饰）告诉他，他们家族的男人都有时光旅行的超能力，可以回到过去。于是Tim将信就疑地试了一下，回到了夏天，在那里他试图改变和暗恋对象的关系，却发现怎么穿越时空都不能让不爱你的人爱上你。之后Tim来到了伦敦，成为了一个律师。他爱上了一个漂亮的姑娘Mary（瑞秋·麦克亚当斯 Rachel McAdams 饰），他通过几次时空旅行，努力地想成为Mary的男朋友。再后来，他又试图通过时光旅行，去挽回一场失败的话剧，去改善妹妹的生活，去更好地和亲人、朋友相处，度过生命中的每一天。,https://movie.douban.com/subject/10577869/
125,驯龙高手,/ How to Train Your Dragon,8.8,870098,迪恩·戴布洛伊,杰伊·巴鲁切尔 / 杰拉德·巴特勒 / 克雷格·费格森 / 亚美莉卡·费雷拉 / 乔纳·希尔 / 克里斯托夫·梅兹-普莱瑟 / T·J·米勒 / 克里斯汀·韦格 / 罗宾·阿特金·唐斯 / 菲利普·麦格雷德 / 基隆·埃利奥特 / 阿什利·詹森 / 大卫·田纳特,维京岛国的少年小嗝嗝（杰伊•巴鲁切尔 Jay Baruchel 配音）是部落统领伟大的斯托里克（杰拉德·巴特勒 Gerard Butler 配音）的儿子，他非常想像自己的父亲一样亲手屠龙——这些飞龙是岛上维京人放牧羊群的主要天敌——但他每次出现在部落屠龙的战斗中都只给大家徒增烦恼。在一次对抗飞龙的战斗中，希卡普偷偷用射龙器击伤了一只最神秘的“夜之怒龙”，并背着族人放生、豢养，甚至驯服了这只龙，还给它起名“无牙”。希卡普的神秘行径引起了一同训练屠龙技巧的女孩阿斯特丽德（亚美莉卡·费雷拉 America Ferrera 配音）的怀疑。阿斯特丽德发现了希卡普的秘密，却同时被身骑“无牙”御风而飞的美妙体验所震撼。格雷决定在屠龙成人礼上向远征归来的斯托里克和族人讲明真相，说服大家放弃屠龙，却偏偏弄巧成拙，害得“无牙”被俘，一场更大的灾难就在眼前……,https://movie.douban.com/subject/2353023/
126,傲慢与偏见,/ Pride & Prejudice,8.7,943476,乔·赖特,凯拉·奈特莉 / 马修·麦克费登 / 唐纳德·萨瑟兰 / 布兰达·布莱斯 / 凯瑞·穆里根 / 裴淳华 / 吉娜·马隆 / 妲露拉·莱莉 / 朱迪·丹奇 / 西蒙·伍兹 / 克劳迪·布莱克利 / 汤姆·霍兰德尔 / 鲁伯特·弗兰德 / 凯利·蕾莉 / 皮普·托伦斯 / 西妮德·马修斯 / 佩内洛普·威尔顿 / 塔姆金·莫钦特,根据简·奥斯汀同名小说改编。伊丽莎白·班纳特(凯拉·奈特丽 饰)出身于小地主家庭，有四个姐妹，母亲班纳特太太整天操心着为女儿物色称心如意的丈夫。新来的邻居宾格来先生和他的朋友达西（马修·麦克菲迪恩 饰）打破了她们一家人单调的乡村生活。宾格来和伊丽莎白的姐姐简·班纳特互生情愫；达西对善良聪明的伊丽莎白产生了好感，而伊丽莎白却对达西不可一世的傲慢心存偏见，不接受他的感情。然而，世事难料，宾格来和简·班纳特因为误会，关系危在旦夕；达西的种种作为，展示了性格中和伊丽莎白相同的善良一面，逐渐赢得了伊丽莎白的好感。两对有情人能否终成眷属？班纳特姐妹们能否得到自己想要的生活？,https://movie.douban.com/subject/1418200/
127,消失的爱人,/ Gone Girl,8.7,1078073,大卫·芬奇,本·阿弗莱克 / 裴淳华 / 尼尔·帕特里克·哈里斯 / 凯莉·库恩 / 泰勒·派瑞 / 金·迪肯斯 / 米西·派勒 / 波伊德·霍布鲁克 / 艾米丽·拉塔科斯基 / 雪拉·渥德 / 派屈克·福吉特 / 斯科特·麦克纳里 / 凯西·威尔逊 / 李·诺里斯,结婚五周年纪念日的早上，尼克·邓恩（本·阿弗莱克 Ben Affleck 饰）来到妹妹玛戈（凯莉·库恩 Carrie Coon 饰）的酒吧，咒骂抱怨那个曾经彼此恩爱缠绵的妻子艾米（罗莎蒙德·派克 Rosamund Pike 饰）以及全然看不见希望的婚姻。当他返回家中时， 却发现客厅留下了暴行的痕迹，而妻子竟不见了踪影。女探员朗达·邦妮（金·迪肯斯 Kim Dickens 饰）接到报案后赶来调查，而现场留下的种种蛛丝马迹似乎昭示着这并非是一件寻常的失踪案，其背后或许隐藏着裂变于夫妻之情的谋杀罪行。艾米的失踪通过媒体大肆渲染和妄加揣测很快闻名全国，品行不端的尼克被推上风口浪尖，至今不见踪影的爱人对他进行无情审判，你侬我侬的甜言蜜语早已化作以血洗血的复仇与折磨……,https://movie.douban.com/subject/21318488/
128,无人知晓,/ 誰も知らない,9.1,374641,是枝裕和,柳乐优弥 / 北浦爱 / 木村飞影 / 清水萌萌子 / 韩英惠 / 江原由希子 / 串田和美 / 冈元夕纪子 / 楯隆子 / 加濑亮 / 村野友希 / 田中庆太 / 木村佑一 / 远藤宪一 / 寺岛进 / 平泉成,新搬来公寓的这家人是母亲惠子（You饰）带着四个孩子：明（柳乐优弥饰）、京子、茂、雪。但母亲却得对周围的人们撒谎说丈夫去海外工作，自己与长子两个人在一起生活。事实是其它三名弟妹是“黑孩子”，因为四个孩子有着各自不同的父亲。他们一直呆在家中，没有去学校上学。,https://movie.douban.com/subject/1292337/
129,倩女幽魂,/ 倩女幽魂(87版)  /  倩女幽魂：妖魔道,8.8,839067,程小东,张国荣 / 王祖贤 / 午马 / 刘兆铭 / 林威 / 薛芷伦 / 王晶 / 胡大为,荒郊中的兰若寺频频有人丧命，身无分文的书生宁采臣（张国荣 饰）不顾道士燕赤霞（午马 饰）的反对借宿在此。深夜，宁采臣邂逅女鬼聂小倩（王祖贤 饰），却不料小倩突露杀机，宁采臣的正直、善良打动了小倩，两人展开了一场旷世人鬼绝恋。此事被掌控着小倩的千年树妖姥姥（刘兆铭 饰）发现，欲将小倩许配给黑山老妖。一边是姥姥的威逼利诱，一边是赤诚书生的情义初起，小倩陷入两难选择……,https://movie.douban.com/subject/1297447/
130,新世界,/ 신세계,8.9,531294,朴勋政,李政宰 / 崔岷植 / 黄政民 / 宋智孝 / 朴成雄 / 金秉玉 / 金胤成,金门集团会长、暴力组织在虎派大佬石东出遭遇车祸身亡，该事件在黑白两道引起不小震荡。为了遏制金门集团进一步向合法领域渗透并持续壮大，警方及时提出“新世界计划”，旨在干预金门集团继任大佬的选举。而围绕会长头衔，金门旗下三号人物华侨出身的丁青（黄正民 饰）和四号人物常务理事李仲久（朴圣雄 饰）展开一连串明争暗斗。在危机四伏的当下，警方姜科长（崔岷植 饰）命令卧底十年之久的李子成（李政宰 饰）左右选举结果。子成六年前和丁青结识，并且得到对方的器重和信任。早已厌倦黑道生活的子成无奈受命，却无疑将自己投入了凶险非常的黑色漩涡之中。,https://movie.douban.com/subject/10437779/
131,花样年华,/ 花樣年華,8.8,810295,王家卫,张曼玉 / 梁朝伟 / 潘迪华 / 雷震 / 萧炳林 / 陈万雷 / 张同祖 / 钱似莺 / 顾锦华 / 张耀扬 / 孙佳君,1960年代的香港，报馆编辑周慕云（梁朝伟 饰）与太太搬进一间住户多是上海人的公寓，和某家日资公司的贸易代表陈先生与太太苏丽珍（张曼玉 饰）成了邻居。因为发现各自在外工作的配偶背着他们有了婚外情，周慕云和苏丽珍开始见面商讨未来可能发生的事情以及相应对策。,https://movie.douban.com/subject/1291557/
132,玩具总动员3,/ Toy Story 3,8.9,596040,李·昂克里奇,汤姆·汉克斯 / 蒂姆·艾伦 / 琼·库萨克 / 尼德·巴蒂 / 唐·里克斯 / 迈克尔·基顿,距上一次的冒险已经过去11个年头，转眼间安迪（约翰·莫里斯 John Morris 配音）变成了17岁的阳光男孩。这年夏天，安迪即将开始大学生活，他必须将自己的房间收拾整齐留给妹妹。此前，伍迪（汤姆·汉克斯 Tom Hanks 配音）与巴斯光年（蒂姆·艾伦 Tim Allen 配音）等玩具一直期待安迪再和他们玩耍，但是随着岁月的流逝，他们被冷落在箱子里很久了。安迪十分珍惜这些童年的玩伴，于是准备将他们收在阁楼。谁曾想，妈妈却把玩具们当作废物扔到街道上。玩具们误解了安迪，于是愤然出走，宁可被捐赠到阳光之家幼儿园。,https://movie.douban.com/subject/1858711/
133,一个叫欧维的男人决定去死,/ En man som heter Ove,8.9,572792,汉内斯·赫尔姆,罗夫·拉斯加德 / 巴哈·帕斯 / 托比亚斯·阿姆博瑞 / 菲利普·伯格 / 安娜-莱娜·布伦丁 / 博瑞·伦贝里 / 埃达·英格薇 / 弗雷德里克·埃弗斯 / 玛德琳·雅各布松 / 查特里娜·拉松 / 杰克尔·法尔斯特伦,欧维（罗夫·拉斯加德 Rolf Lassgård 饰）是一个刻板而又固执的老头，他的妻子半年前死于疾病，留他一人生活在这个混乱不堪的世界之中。每天早晨，欧维都会定时在社区里进行巡视，确认所有的车辆都停在应停的位置，呵斥违反规定私自驶入社区的车辆，赶走四处乱转破坏环境的猫狗，在社区居民眼里，欧维是“来自地狱的恶邻”，可每个人都明白，这其实是欧维对于社区爱之深刻的表现。,https://movie.douban.com/subject/26628357/
134,色，戒,/ 色|戒  /  色·戒,8.7,967179,李安,梁朝伟 / 汤唯 / 陈冲 / 王力宏 / 庹宗华 / 朱芷莹 / 高英轩 / 柯宇纶 / 阮德锵 / 钱嘉乐 / 苏岩 / 何赛飞 / 宋茹惠 / 樊光耀 / 卢燕 / 刘洁 / 余娅 / 王琳 / 王侃 / 竹下明子 / 阿努潘·凯尔,本是岭南大学学生的王佳芝（汤唯 饰）因战争辗转到了香港读书，她在香港大学加入了爱国青年邝裕民（王力宏 饰）组织的话剧组，他们主演的爱国话剧更激起了他们的爱国情操。当邝裕民得知汪伪政府的特务头子易先生（梁朝伟 饰）正在香港的时候，他们便密谋要刺杀易先生。化名“麦太太”的王佳芝很快得到了易太太（陈冲 饰）的信任与喜爱，同时美丽的“麦太太”也吸引了易先生的眼球，正当事情进行得如火如荼之际，易先生突然要回到上海去。,https://movie.douban.com/subject/1828115/
135,完美的世界,/ A Perfect World,9.1,361816,克林特·伊斯特伍德,凯文·科斯特纳 / 劳拉·邓恩 / 克林特·伊斯特伍德 / T·J·劳瑟 / 基斯·斯扎拉巴基克,单亲孩子菲利普·佩里（T·J·劳瑟 T.J. Lowther 饰）的母亲对他管教甚严，8岁的小菲利普甚至从未参加过一次鬼节讨糖果的游戏。附近州监狱的两名罪犯越狱成功，劫持了菲利普作为人质，向德州边界逃窜。途中，罪犯之一的布奇（凯文·科斯特纳 Kevin Costner 饰）干掉了鲁莽愚蠢的同伙，却对小菲利普照顾有加。与此同时，德州警探瑞德（克林特·伊斯特伍德 Clint Eastwood 饰）带着手下和州长特派的犯罪专家萨利（劳拉·邓恩 Laura Dern 饰）一同火速追捕布奇。双方在德克萨斯州境内展开了一场公路赛大竞技；而小菲利普也经历了很多从未想过过的刺激与快乐，并与布奇产生了一种近似父子的不寻常感情……,https://movie.douban.com/subject/1300992/
136,怪兽电力公司,"/ Monsters, Inc.",8.8,774257,彼特·道格特,约翰·古德曼 / 比利·克里斯托 / 玛丽·吉布斯 / 史蒂夫·布西密 / 詹姆斯·柯本 / 詹妮弗·提莉 / 鲍勃·彼德森 / 约翰·拉森贝格 / 弗兰克·奥兹 / 丹尼尔·吉尔森 / 邦妮·亨特 / 杰克·安杰尔 / 塞缪尔·洛德·布莱克 / 史蒂夫·萨斯坎德,我们不知道，在那样的世界里住着那样一群怪物。他们长相滑稽，却必须装作狰狞。因为，在夜深的时候，他们要悄悄的出现在孩子的衣橱里，吓唬刚刚甜美睡去的宝宝。一切，只因为他们是怪物电力公司的员工，而孩子的尖叫，则是怪物王国发电的全部能量。怪物们害怕孩子，却又必须让孩子尖叫。在怪物的国度里，他们都是为全民造福的英雄。,https://movie.douban.com/subject/1291579/
137,阳光灿烂的日子,/ In the Heat of the Sun,8.8,698791,姜文,夏雨 / 宁静 / 陶虹 / 耿乐 / 斯琴高娃 / 冯小刚 / 刘小宁 / 姜文 / 王学圻 / 王朔 / 尚楠 / 方化 / 代少波 / 王海 / 姚二嘎 / 吴淑昆 / 左小青 / 韩冬 / 孙靖 / 刘斌 / 张维 / 杨彤林 / 王海 / 王福 / 胡贝贝 / 高保成 / 吴淑琨 / 张华 / 二勇 / 烈子 / 陈伟,20世纪70年代初的北京，忙着“闹革命”大人无空理会小孩，加上学校停课无事可做，以军队大院男孩为突出代表的少年人便自找乐子，靠起哄、打架、闹事、拍婆子等方式挥霍过量的荷尔蒙。马小军（夏雨 饰）就是这样的少年，他的嗜好之一是趁别人家无人用万能钥匙将其锁打开，溜进去耍玩一番，正是用这样的方式，少女米兰（宁静 饰）的照片先于其人入了马小军的双眼。通过院里的“头儿”刘忆苦（耿乐 饰），马小军又见到之前在炮局偶然瞥见过一眼的米兰，开始正式将其当作梦中情人，然而在米兰眼中，马小军不过是毛孩一个，她中意的人是成熟、稳重、帅气的刘忆苦。自此，马小军迎来五味混杂的青春期生活。,https://movie.douban.com/subject/1291875/
138,教父3,/ The Godfather: Part III,9.0,435086,弗朗西斯·福特·科波拉,阿尔·帕西诺 / 黛安·基顿 / 塔莉娅·夏尔 / 安迪·加西亚 / 伊莱·瓦拉赫 / 乔·曼特纳 / 乔治·汉密尔顿 / 布里吉特·方达 / 索菲亚·科波拉 / 雷夫·瓦朗 / 弗兰克·德安布罗西奥 / 敦尔·当纳利 / 理查德·布赖特 / 赫尔穆特·贝格 / 唐·诺韦洛,转眼间已经是1979年，第二代教父麦克•柯里昂（阿尔•帕西诺 饰）到了垂暮之年，为了灵魂的救赎，麦克慢慢结束家族的黑道事业，转投正当生意。,https://movie.douban.com/subject/1294240/
139,小森林 夏秋篇,/ リトル・フォレスト 夏・秋,9.0,475731,森淳一,桥本爱 / 三浦贵大 / 松冈茉优 / 温水洋一 / 桐岛加恋,平凡女孩市子（桥本爱 饰）自幼生长在位于日本东北地区的村庄小森。这里远离都市的喧嚣和浮躁，为青山绿水所环绕，俨然一个幽静怡然的世外桃源。村民们日出而作，日落而息，依靠一双勤劳的双手经营渺小却舒适的生活，与世无争。市子曾经前往东京闯荡，只不过她终究无法适应都市快节奏的步伐，最终回到了妈妈早已不在的老宅。童年时妈妈福子利用山川田野各种食材做出胡乱命名的美食，实心眼的市子在感叹受骗之余，也将美好的回忆留在了味蕾深处。仿佛遵循着母亲的步伐，她将对故乡的热爱融入了美食的烹制中。在朋友佑太（三浦贵大 饰）和吉子（松冈茉优 饰）的环绕下，享受着无忧无虑的人生……,https://movie.douban.com/subject/25814705/
140,天使爱美丽,/ Le Fabuleux destin d'Amélie Poulain,8.7,1023889,让-皮埃尔·热内,奥黛丽·塔图 / 马修·卡索维茨 / 吕菲斯 / 洛莱拉·克拉沃塔 / 塞尔·梅林 / 贾梅尔·杜布兹 / 克洛蒂尔德·莫莱特 / 克莱尔·莫里耶 / 伊莎贝尔·南蒂 / 多米尼克·皮侬 / 阿尔蒂斯·德·彭居埃恩 / 友兰达·梦露 / 于尔班·康塞利埃 / 莫里斯·贝尼舒 / 米歇尔·罗班 / 安德烈·达芒 / 克洛德·佩隆 / 阿尔梅尔 / 迪基·奥尔加多 / 凯文·迪亚士 / 弗洛拉·吉耶 / 阿莫里·巴博尔 / 欧仁·贝蒂埃 / 让·达里 / 马克·阿米约,艾米莉（奥黛丽·塔图 Audrey Tautou 饰）有着别人看来不幸的童年——父亲给她做健康检查时，发现她心跳过快，便断定她患上心脏病，从此艾米莉与学校绝缘。随后因为一桩意外，母亲在她眼前突然死去。这一切都毫不影响艾米莉对生活的豁达乐观。,https://movie.douban.com/subject/1292215/
141,侧耳倾听,/ 耳をすませば,8.9,522985,近藤喜文,本名阳子 / 小林桂树 / 高山南 / 高桥一生 / 山下容莉枝 / 室井滋 / 露口茂 / 饭冢雅弓,正在读初三的月岛雯是一个喜欢看书的女孩，她每次都能在借书卡上看到一个叫天泽圣司名字，因此她对这个人充满了好奇。 雯一直喜欢写诗，有一天她跟好友夕子在讨论写诗的事，夕子告诉雯自己收到了情书，但事实上夕子已有了喜欢的人。更没有想到的是，夕子喜欢的杉村喜欢的是雯，雯一时间感到十分困惑。 雯无意中来到了一个小店，原来店主是圣司的爷爷。认识了圣司之后，听到了圣司对自己理想的追求之后，也激发了雯对自己理想的追求之念。当圣司离开了到意大利学习做小提琴时，雯决定要专心写作。当雯完成了作品之后，她发现原来自己高估了自己，就这样她选择继续考高中，这时她非常想念圣司。 一天凌晨，她站到窗边，突然看到了一个熟悉的身影……,https://movie.douban.com/subject/1297052/
142,哪吒闹海,/ Prince Nezha's Triumph Against Dragon King  /  Nezha Conquers the Dragon King,9.2,310172,王树忱,梁正晖 / 邱岳峰 / 毕克 / 富润生 / 尚华 / 于鼎,商末时期，陈塘关总兵李靖的夫人怀胎3年6个月，最终生下一个肉球，肉球中跳出一个伶俐可爱的男孩。李靖原当他是妖孽欲杀之而后快，幸太乙真人前来收之为徒，赐名哪吒，并赐以乾坤圈和混天绫两件宝贝。某年，天下大旱，甘露未降。哪吒和家将到东海洗澡玩耍。他用混天绫搅动海水，撼动龙宫，惹出巡海夜叉李艮和龙王三太子敖丙。几番言语不和，哪吒杀此二人，由此闯下通天大祸。四海龙王齐聚陈塘关索命，为救一方百姓，哪吒决定交出生命……,https://movie.douban.com/subject/1307315/
143,九品芝麻官,/ 九品芝麻官之白面包青天  /  Hail the Judge,8.8,798918,王晶,周星驰 / 吴孟达 / 张敏 / 徐锦江 / 钟丽缇 / 蔡少芬 / 吴启华 / 邹兆龙 / 梁荣忠 / 黄一飞 / 苑琼丹 / 刘洵 / 黄一山,包龙星（周星驰 饰）用钱买来了一个候补知县的职位，可是为人贪婪，县上的人都对他痛恨之极。在他代替正式知县的时候，戚家媳妇戚秦氏（张敏 饰）遭到了常威( 邹兆龙 饰 )的强暴，后来常威动了杀机把戚家上下都杀害了，更嫁祸于戚秦氏。常威是水师提督大人的儿子，请来大状方唐镜（吴启华 饰），收买了所有证人以便洗脱罪名。包龙星虽然极力寻找证据，也被迫害至落难他乡。他决定要上京告御状，后来他因没钱不得不在妓院打工，向老板娘学习了一身斗嘴的好功夫。他在妓院里误打误撞认识了皇上，帮助皇上有功他被封了大官，重审戚家被害的案件。他凭着聪慧与口才，全力为戚秦氏讨回公道。,https://movie.douban.com/subject/1297518/
144,被解救的姜戈,/ Django Unchained,8.8,696424,昆汀·塔伦蒂诺,杰米·福克斯 / 莱昂纳多·迪卡普里奥 / 克里斯托弗·瓦尔兹 / 塞缪尔·杰克逊 / 凯丽·华盛顿 / 沃尔顿·戈金斯 / 丹尼斯·克里斯托弗 / 乔纳·希尔 / 詹姆斯·瑞马尔 / 爱波·塔布琳 / 弗兰科·内罗 / 罗伯特·卡拉丁 / 佐伊·贝尔,1858年，美国南北战争前两年。德国赏金猎人金·舒尔茨（克里斯托弗·瓦尔兹 Christoph Waltz饰）从贩奴商人手中买下黑奴姜戈（杰米·福克斯 Jamie Foxx饰），让其重获自由。舒尔茨实则是要把姜戈培养成无法无天的赏金猎人，为其缉拿各种通缉犯以换取报酬。姜 戈的唯一条件是：从暴虐的糖果庄园主卡尔文·坎迪（莱昂纳多·迪卡普里奥 Leonardo DiCaprio饰）手中解救出自己的妻子布鲁姆希尔达（凯丽·华盛顿 Kerry Washington饰）。本片是昆汀向1966年由塞吉奥·考布西执导的经典意大利西部片《迪亚戈》的致敬之作。,https://movie.douban.com/subject/6307447/
145,请以你的名字呼唤我,/ Call Me by Your Name,8.8,829062,卢卡·瓜达尼诺,艾米·汉莫 / 提莫西·查拉梅 / 迈克尔·斯图巴 / 阿蜜拉·卡萨 / 艾斯特·加瑞尔 / 维克图瓦尔·杜布瓦 / 旺妲·卡布里奥罗 / 安东尼奥·里莫尔迪 / 埃琳娜·布奇 / 马可·斯格罗索 / 安德烈·艾席蒙 / 彼得·斯皮尔斯,故事发生在八十年代的意大利里维埃拉，每年夏天，十七岁的少年艾力奥（提莫西·查拉梅 Timothée Chalamet 饰）都会跟家人一起来此地度假。今年，和他们共享假日时光的，还有来自美国的奥利弗（艾米·汉莫 Armie Hammer 饰），高大英俊热情开朗的奥利弗很快就获得了艾力奥一家人的喜爱。,https://movie.douban.com/subject/26799731/
146,幸福终点站,/ The Terminal,8.8,645497,史蒂文·斯皮尔伯格,汤姆·汉克斯 / 凯瑟琳·泽塔-琼斯 / 斯坦利·图齐 / 齐·麦克布赖德 / 迭戈·卢纳 / 巴里·沙巴卡·亨利 / 库玛·帕拉纳 / 佐伊·索尔达娜 / 埃迪·琼斯 / 祖德·塞克利拉 / 科瑞·雷诺兹 / 吉列尔莫·迪亚兹 / 里尼·贝尔 / 瓦列里·尼古拉耶夫 / 迈克尔·诺里 / 鲍勃·莫里西 / 萨沙·斯皮尔伯格 / 苏珊·索洛米 / 卡尔利斯·布克 / 斯蒂芬·富勒 / 丹·芬纳蒂 / 莉迪亚·布兰科 / 肯尼斯·崔 / 卡斯·安瓦尔 / 康拉德·皮拉 / 杜桑恩·杜基齐 / 马克·伊瓦涅 / 本尼·戈尔森 / 斯科特·安第斯 / 罗伯特·科瓦吕比亚 / 迪尔娃·亨莉 / 卡尔·阿拉奇 / 哈亚提·阿克巴斯 / 艾力克斯·伯恩斯 / 埃莱娜·卡多纳 / 丹·蔡斯 / 查得·R·戴维斯 / 安东内拉·埃莉亚 / 迈克尔·埃利奥普洛斯 / 马斯顿·福布斯 / 里亚德·加拉伊尼 / 杰拉德·加纳 / 贾斯汀·罗杰斯豪尔 / 穆罕默德·哈桑 / 安柏·黑凡斯 / 柯西尼娅·雅罗娃 / 巴里·朱利安 / 斯维莱娜·基德斯 / 祖扎娜·门罗 / 艾丽西亚·奥奇瑟 / 本杰明·奥切恩格,为了完成父亲的心愿，维克多（汤姆•汉克斯 Tom Hanks 饰）从故国乘坐飞机前往美国肯尼迪机场，但戏剧性的事情发生了：他被告知祖国发生政变，而他的身份证护照一一失效，同时他的签证也无法再使用。进退两难的维克多只有在机场滞留，等待新证件的办理。,https://movie.douban.com/subject/1292274/
147,釜山行,/ 부산행,8.6,1356744,延尚昊,孔刘 / 郑裕美 / 马东锡 / 金秀安 / 金义城 / 崔宇植 / 安昭熙 / 崔奎华 / 郑锡勇 / 芮秀贞 / 朴明申 / 张赫镇 / 禹都临 / 沈恩敬,证券公司基金管理人石宇（孔刘 饰）光鲜精干，却也是个重利轻义之徒。妻子为此与之决裂，女儿秀安（金秀安 饰）则对如此自私的父亲越来越失望，决定前往釜山和母亲生活。在秀安生日这天，石宇抽出时间陪伴女儿登上开往釜山的特快列车。而与此同时，城市四处出现了极为可疑的暴动事件。政府 极力洗白无法掩盖丧尸肆虐的事实，即便懵然无知的列车乘客也因为不速之客的到来而堕入恐慌绝望的地狱中。开车的刹那，一名感染者冲入车厢，而她很快尸变并对目光所及之处的健康人展开血腥屠杀。未过多久，丧尸便呈几何数爆发性地增长。石宇被迫和幸存者的乘客们在逼仄的空间中奋力求生。,https://movie.douban.com/subject/25986180/
148,神偷奶爸,/ Despicable Me,8.7,1051392,皮埃尔·柯芬,史蒂夫·卡瑞尔 / 杰森·席格尔 / 拉塞尔·布兰德 / 朱莉·安德鲁斯 / 威尔·阿奈特 / 克里斯汀·韦格 / 米兰达·卡斯格拉夫 / 达纳·盖尔 / 艾尔西·费舍尔 / 皮埃尔·柯芬 / 克里斯·雷纳德 / 杰梅奈·克莱门特 / 杰克·麦克布瑞尔 / 丹尼·麦克布莱德 / 敏迪·卡灵 / 罗布·许贝尔 / 肯·道里欧 / 郑肯,超级坏蛋格鲁（史蒂夫·卡瑞尔 Steve Carell 配音）在听说埃及金字塔被盗的新闻后不满市面上新贼辈出，决定在纳法利欧博士（拉塞尔·布兰德 Russell Brand 配音）的帮助下建造火箭升空盗取月亮。在向坏蛋银行贷款的过程中，格鲁盗取的收缩射线枪被新贼维克托（杰森·席格尔 Jason Segel 配音）抢走。为了夺回收缩射线枪，格鲁决定领养三位孤儿——玛戈（米兰达·卡斯格拉夫 Miranda Cosgrove 配音）、伊迪丝（达娜·盖伊 Dana Gaier 配音）和阿格蕾丝（埃尔希·费舍 Elsie Fisher 配音），利用她们进入维克托的城堡兜售饼干的机会实施偷盗，计划成功后再偷偷处理掉三个小孩。然而在平凡的日常相处中，格鲁却发现自己越来越离不开这三个小鬼，但这样的感情用事却将严重影响周密的盗月计划……,https://movie.douban.com/subject/3287562/
149,小森林 冬春篇,/ リトル・フォレスト 冬・春,9.0,422647,森淳一,桥本爱 / 三浦贵大 / 松冈茉优 / 温水洋一 / 桐岛加恋,于无法融入喧嚣吵闹的大城市，平凡女孩市子（桥本爱 饰）选择回到自幼生长的老家——位于日本东北地区的小森村。这里没有过多时尚文明的色彩，当地人过着日出而作日落而息的传统生活，他们靠天吃饭，靠着双手经营人生。生活虽不富裕，心中则是满满的充实和欢喜。受妈妈（桐島かれん 饰） 影响，市子似乎对亲手制作各种美味而廉价的料理有着格外浓厚的兴趣。妈妈失踪已经很久，对料理的回忆与再现成为母女间别具特色的交流方式。更何况还有取自大自然的各种食材，又怎能暴殄天物浪费了大好的韶光？在好友纪子（松冈茉优 饰）和裕太（三浦贵大 饰）的陪伴下，市子静静地走过了春夏秋冬……,https://movie.douban.com/subject/25814707/
150,喜宴,/ 囍宴,9.0,434859,李安,赵文瑄 / 归亚蕾 / 郎雄 / 金素梅 / 米切尔·利希藤斯坦 / 迈克尔·加斯顿 / 许永德 / 尼尔·赫夫 / 李淳 / 汉娜·沙利文 / 杨元提 / 姚培德 / 李安,伟同（赵文瑄 饰）是事业有成的男同志，与男友赛门（米切尔·利希藤斯坦 饰）在美国过着幸福的同居日子，烦恼来自要用各种招数应对远在台北的父（郎雄 饰）母（归亚蕾 饰）的一次次逼婚。伟同被逼以“乖乖仔”形象修书一封声称会在美国结婚，没料父母想亲眼见证。无奈，他只得拉上来自上海的不得志的女艺术家葳葳（金素梅 饰）“假婚”，想逃过一劫。,https://movie.douban.com/subject/1303037/
151,萤火之森,/ 蛍火の杜へ,8.8,614752,大森贵弘,佐仓绫音 / 内山昂辉 / 辻亲八 / 山本兼平 / 后藤弘树 / 今井麻美,某年夏天，6岁小女孩竹川萤来到爷爷家度假，她闯进了传说住满妖怪的山神森林。正当她因为迷路而焦急万分的时候，一个戴着狐狸面具的大男孩出现在她面前，并引领着萤找到回家的路。虽然萤分外感激，可是男孩却禁止她碰触自己的身体，原来这名叫银的男孩并非人类，他一旦被人类碰触就会烟消云散。在此后的日子里，萤和银成为好朋友，他们走遍了森林的每一个角落玩耍。日复一日，年复一年，每到夏天的时候萤就会如约来到森林和好朋友见面。她遵守着和银的约定，无论如何也不碰触银的身体。随着年龄的增长，萤和银对彼此的情感都悄悄发生了变化，他们共同期待相聚的日子，共同期待拥抱对方……,https://movie.douban.com/subject/5989818/
152,告白,/ 自白  /  母亲,8.8,747210,中岛哲也,松隆子 / 冈田将生 / 木村佳乃 / 西井幸人 / 桥本爱 / 芦田爱菜 / 三吉彩花 / 藤原薰 / 井之胁海 / 清水尚弥 / 高桥努 / 一井直树 / 能年玲奈 / 新井浩文 / 野本萤,一所平凡的中学，1年B组即将迎来春假。不知天高地厚的学生们肆意吵闹，殊不知一场绵亘数月的风暴正向他们袭来。级任教师森口悠子（松隆子 饰）全然无视这片混乱，静静地向学生们做出最后的告白。这个单亲妈妈独自抚养着可爱的女儿（芦田爱菜 饰），然而女儿最终在游泳池中溺水身亡。警察 认定这是一起意外，森口则认定女儿死于班上两个学生之手。她不动声色地指责着犯人A和B，并宣布用自己的方式进行复仇。在此之后，森口辞去教师职务，1年B班的学生也心怀惴惴迎来了春假。新学期开始，残酷的风暴袭向了这群无知无畏的少男少女……,https://movie.douban.com/subject/4268598/
153,七武士,/ 七人の侍,9.3,237455,黑泽明,三船敏郎 / 志村乔 / 津岛惠子 / 岛崎雪子 / 藤原釜足 / 加东大介 / 木村功 / 千秋实 / 宫口精二 / 小杉义男 / 左卜全 / 稻叶义男 / 土屋嘉男 / 高堂国典 / 东野英治郎 / 上田吉二郎 / 多多良纯 / 渡边笃 / 小川虎之助 / 山形勋 / 上山草人 / 清水元 / 高木新平 / 大友伸 / 高原骏雄 / 稻垣三郎 / 堺左千夫 / 千石规子 / 本间文子 / 大久保正信 / 伊藤实 / 大村千吉 / 广濑正一 / 宇野晃司 / 谷晃 / 中岛春雄 / 清水美恵 / 熊谷卓三 / 夏木顺平 / 岩本弘司 / 堤康久 / 马野都留子 / 森今日子 / 加藤武 / 仲代达矢 / 宇津井健 / 山本廉,日本战国时代，一小山村面临着山贼的威胁，为了保护秋天的收成，村中长老决定让去请武士来保护村子安全，但只能拿出的报酬是一天三顿的白米饭。在城里，他们遭到了武士白眼甚至被打。直到勘兵卫（志村乔饰）的出现，他现今已沦为浪人，几经考虑最后答应了。他对农民说至少需要七名武士，于是久藏（宫口精二饰）、胜四郎（木村功饰）、五郎（稻叶义男饰）、七郎（加东大介饰）、平八（千秋实饰）和菊千代（三船敏郎饰）等六人也加入了队伍，七个人肩负保卫村子的任务。,https://movie.douban.com/subject/1295399/
154,玛丽和麦克斯,/ Mary and Max,9.0,473047,亚当·艾略特,托妮·科莱特 / 菲利普·塞默·霍夫曼 / 巴瑞·哈姆弗莱斯 / 艾瑞克·巴纳 / 贝塔尼·维特莫尔 / 蕾妮·盖耶 / 伊恩·莫利·梅尔德伦 / 朱莉·福塞斯 / 约翰·弗劳思 / 克里斯托弗·马西 / 卡罗琳·莎士比亚-艾伦 / 琳恩·史密斯 / 迈克尔·延纳,1976年，8岁的玛丽·黛西·丁格尔（贝丝妮·惠特摩尔 Bethany Whitmore 配音）是澳大利亚墨尔本的一个小女孩，喜欢动画片“诺布利特”、甜炼乳和巧克力。玛丽的妈妈是个酒鬼，而在茶叶包装厂工作的父亲平日只喜欢制作鸟标本。孤独的玛丽没有朋友，某一天心血来潮给美国纽约市的马克思·杰瑞·霍罗威茨（菲利普·塞默·霍夫曼 Philip Seymour Hoffman 配音）写了一封信询问美国小孩从哪里来，并附上一根樱桃巧克力棒。44岁的马克思患有自闭症及肥胖，碰巧也喜欢看“诺布利特”动画片及吃巧克力。二人的笔友关系从1976年维持到1994年，期间各自经历了许多人生起伏，直到成年的玛丽（托妮·科莱特 Toni Collette 配音）终于来到纽约看望马克思……,https://movie.douban.com/subject/3072124/
155,头号玩家,/ Ready Player One,8.6,1523751,史蒂文·斯皮尔伯格,泰伊·谢里丹 / 奥利维亚·库克 / 本·门德尔森 / 马克·里朗斯 / 丽娜·维特 / 森崎温 / 赵家正 / 西蒙·佩吉 / T·J·米勒 / 汉娜·乔恩-卡门 / 拉尔夫·伊内森 / 苏珊·林奇 / 克莱尔·希金斯 / 劳伦斯·斯佩尔曼 / 佩蒂塔·维克斯 / 艾萨克·安德鲁斯,故事发生在2045年，虚拟现实技术已经渗透到了人类生活的每一个角落。詹姆斯哈利迪（马克·里朗斯 Mark Rylance 饰）一手建造了名为“绿洲”的虚拟现实游戏世界，临终前，他宣布自己在游戏中设置了一个彩蛋，找到这枚彩蛋的人即可成为绿洲的继承人。要找到这枚彩蛋，必须先获得三把钥匙，而寻找钥匙的线索就隐藏在詹姆斯的过往之中。,https://movie.douban.com/subject/4920389/
156,模仿游戏,/ The Imitation Game,8.8,723278,莫滕·泰杜姆,本尼迪克特·康伯巴奇 / 凯拉·奈特莉 / 马修·古迪 / 罗里·金尼尔 / 艾伦·里奇 / 马修·比尔德 / 查尔斯·丹斯 / 马克·斯特朗 / 詹姆斯·诺斯科特 / 汤姆·古德曼-希尔 / 史蒂芬·威丁顿 / 伊兰·古德曼 / 杰克·塔尔登 / 埃里克斯·劳瑟 / 杰克·巴农 / 塔彭丝·米德尔顿 / 安德鲁·哈维尔 / 威尔·鲍登 / 李·阿斯奎斯-柯 / 海莉·乔安妮·培根 / 安库塔·布雷班 / 格雷斯·卡尔德 / 理查德·坎贝尔 / 温斯顿·丘吉尔 / 克里斯·考林 / 汉娜·弗林 / 卢克·霍普 / 斯图尔特·马修斯 / 亚当·诺威尔 / 哈里·S·杜鲁门,二战期间，盟军苦于德国的秘密系统“英格玛”无法破译，政府召集了一批民间数学家、逻辑学家进行秘密破解工作，图灵（本尼迪克特·康伯巴奇 Benedict Cumberbatch 饰）就是其中之一。计划刚开始图灵遭到了以休（马修·古迪 Matthew Goode）为首的组员和 领导的排斥，幸好军情处部长孟席斯（马克·斯特朗 Mark Strong 饰）帮助他立项研究破译密码的机器，而图灵则变成了负责人，招收了新的成员琼（凯拉·奈特莉 Keira Knightley）开始了艰难的工作。琼很快就迷上了图灵，由于她的帮助所有组员空前的团结，并于两年后成功破解德军的密码。图灵一度与琼订婚，但实际上他隐瞒了一个秘密，因为这个秘密他也遭受了非人的待遇……,https://movie.douban.com/subject/10463953/
157,惊魂记,/ Psycho,9.0,359104,阿尔弗雷德·希区柯克,安东尼·博金斯 / 维拉·迈尔斯 / 约翰·加文 / 珍妮特·利 / 马丁·鲍尔萨姆 / 约翰·麦克因泰 / 西蒙·奥克兰 / 弗兰克·艾伯森 / 帕特里夏·希区柯克 / 沃恩·泰勒 / 卢伦·塔特尔 / 约翰·安德森 / 莫特·米尔斯 / 吉特·卡森 / 维吉尼亚·格雷格 / 阿尔弗雷德·希区柯克 / 珍妮特·诺兰 / 罗伯特·奥斯本 / 海伦·华莱士 / Fletcher Allen / 沃尔特·培根 / 弗朗西斯·德塞尔斯 / 乔治·多克斯塔德 / 乔治·埃尔德雷奇 / 哈珀·弗莱厄蒂 / 萨姆·弗林特 / 弗兰克·基尔蒙德 / 泰德·奈特 / 帕特·麦卡弗里 / 汉斯-乔基姆·默比斯 / 弗雷德·谢威勒,年轻的马里恩·克兰（珍妮特·利 饰）在Phoenix工作，深受老板洛厄里（沃恩·泰勒 饰）信任。男友萨姆·卢米斯（约翰·加文 饰）在Fairvale经营一家五金店，因要替亡父还债又要支付前妻赡养费而无力再婚，只能借出差的机会偶尔来与马里恩幽会。马里恩对此感到不满，于是在周五下午趁机携四万美元公款驾车潜逃。可是马里恩的潜逃之路并不顺利：先是在出城的时候被洛厄里目击，周六一大早又被警察怀疑。花了七百美元以旧车换新车之后，马里恩继续忐忑地行驶。入夜后，天降大雨，视线模糊，无法行驶，马里恩只得将车泊入路边的贝茨汽车旅馆投宿。老板诺尔曼（安东尼·珀金斯 饰）十分友善，试图邀请马里恩到家里共进晚餐，可惜被凶恶的母亲粗暴阻止，只得将晚餐端至旅馆客厅。马里恩在客厅一边进餐一边与诺尔曼交谈，终于决定周日返回Phoenix。用餐完毕，马里恩回房沐浴。这时，一个老妇的身影...,https://movie.douban.com/subject/1293181/
158,机器人之梦,/ Robot Dreams,9.1,445999,巴勃罗·贝格尔,伊万·拉班达,一只孤独的小狗遇到了一个机器人，偌大的城市中，他们互相依靠，温暖彼此。然而一次意外让小狗和机器人遗憾错过，从此他们只能把对彼此的想念藏进梦中。只是，反复梦见的人，还会重逢吗？,https://movie.douban.com/subject/35426925/
159,大鱼,/ Big Fish,8.8,629716,蒂姆·波顿,伊万·麦克格雷格 / 阿尔伯特·芬尼 / 比利·克鲁德普 / 杰西卡·兰格 / 海伦娜·伯翰·卡特 / 艾莉森·洛曼 / 罗伯特·吉尔劳姆 / 玛丽昂·歌迪亚 / 马修·麦克格罗里 / 大卫·丹曼 / 米西·派勒 / 卢顿·万恩怀特三世 / 艾达·泰 / 艾伦妮·泰 / 史蒂夫·布西密 / 丹尼·德维托 / 迪普·罗伊 / Perry Walston / 海利·安妮·内尔森 / Grayson Stone,爱德华（伊万·麦克格雷格 Ewan McGregor 饰）生性热爱自由，成年之后，他选择离开家乡，踏上了环游世界的旅程。一路上，爱德华遇见了各种各样稀奇古怪的角色，经历了无数精彩绝伦的的冒险，而他日后最大的兴趣，就是向他人喋喋不休的重复讲述他的这一段奇幻旅程。,https://movie.douban.com/subject/1291545/
160,心灵奇旅,/ Soul,8.7,1149775,彼特·道格特,杰米·福克斯 / 蒂娜·菲 / 菲利西亚·拉斯海德 / 阿米尔-卡利布·汤普森 / 戴维德·迪格斯 / 格拉汉姆·诺顿 / 瑞切尔·豪斯 / 艾莉丝·布拉加 / 理查德·艾欧阿德 / 唐尼尔·罗林斯 / 安吉拉·贝塞特 / 马戈·霍尔 / 罗德莎·琼斯 / 韦斯·斯塔迪 / 沙基纳·贾弗里 / 福琼·费姆斯特 / 卡鲁姆·格兰特 / 泽诺比娅·谢罗夫 / 朱恩·斯奎布 / 凯茜·卡瓦蒂妮 / 罗纳尔多·德尔·卡门 / 埃利萨皮·艾萨克 / 杰森·佩斯 / 科拉·尚波米耶,究竟是什么塑造了真正的你？电影将聚焦乔伊·高纳（杰米·福克斯配音）。这位中学音乐老师获得了梦寐以求的机会——在纽约最好的爵士俱乐部演奏。但一个小失误把他从纽约的街道带到了一个奇幻的地方“生之来处”（the Great Before）。在那里，灵魂们获得培训，在前往地球之前将获得他们的个性特点和兴趣。决心要回到地球生活的乔伊认识了一个早熟的灵魂“二十二”（蒂娜·菲 配音），二十二一直找不到自己对于人类生活的兴趣。随着乔伊不断试图向二十二展示生命的精彩之处，他也将领悟一些人生终极问题的答案。,https://movie.douban.com/subject/24733428/
161,背靠背，脸对脸,"/ 背对背，脸对脸  /  Back to Back, Face to Face",9.5,181785,黄建新,牛振华 / 雷恪生 / 李强 / 句号 / 王劲松 / 戈治均 / 佘南南 / 张嘉益 / 刘国祥 / 徐学政 / 林海海 / 温谦 / 马载军 / 吴玮玲 / 张艺 / 韩炳杰 / 杨亚洲,王双立（牛振华 饰）是某地文化馆的代馆长，这个馆长一代就是好几年，想升也升不上去，却也没有其他变动。不料一天，来了新的文化馆长老马（雷恪生 饰），这让王双立离正馆长的距离更远了。新馆长老马原是个副乡长，王双立认为他是个土包子，心里很是不以为然，利用自己对文化馆人际关系熟 悉的优势，想方设法给老马出难题。经过几轮较量，老马终于被挤走，王双立又成了代馆长，再次受领导重用，岂料，螳螂捕蝉黄雀在后，秘书小阎（李强 饰）成了新一任馆长。王双立不甘心，再次和小阎斗法，想将对方挤走，这次王双立还能如愿与偿吗？,https://movie.douban.com/subject/1307856/
162,血战钢锯岭,/ Hacksaw Ridge,8.7,863238,梅尔·吉布森,安德鲁·加菲尔德 / 萨姆·沃辛顿 / 文斯·沃恩 / 雨果·维文 / 卢克·布雷西 / 泰莉莎·帕尔墨 / 瑞切尔·格里菲斯 / 内森奈尔·布佐里克 / 理查德·劳斯伯格 / 马特·纳夫莱 / 费拉斯·迪拉尼 / 瑞安·柯尔 / 卢克·佩格勒,1945年，第二次世界大战接近尾声，作为邪恶轴心重要成员的日本，其嚣张态势已成强弩之末。是年，决定战局走向的冲绳岛战役拉开序幕，成千上万斗志昂扬的美国大兵被派往冲绳，等待他们的则是敌军重兵防守、凶险异常的钢锯岭。在这群人中间，却有一个不愿拿起武器的军医。他名叫戴斯蒙德·道斯（安德鲁·加菲尔德 Andrew Garfield 饰），来自美国的弗吉尼亚。太平洋爆发之际，瘦弱的戴斯蒙德志愿成为救死扶伤的军医而应征入伍。可因童年和家庭的原因，他始终不愿拿起枪支操练，为此宁愿背上拒服兵役的罪名被送上军事法庭。几经周折，戴斯蒙德最终和战友来到了钢锯岭。枪林弹雨，转瞬之间无数人应声倒地。在信仰和信念的支持下，戴斯蒙德仅凭一己之力拯救了数十条濒死的生命……,https://movie.douban.com/subject/26325320/
163,射雕英雄传之东成西就,/ 射鵰英雄傳之東成西就,8.7,721064,刘镇伟,梁朝伟 / 林青霞 / 张国荣 / 叶玉卿 / 张学友 / 王祖贤 / 张曼玉 / 梁家辉 / 刘嘉玲 / 钟镇涛 / 鲍起静,金轮国王妃（叶玉卿 饰）与表哥欧阳锋（梁朝伟 饰）有染，为霸占江山，他们毒死了国王，但没找到传国玉玺。得知玉玺在前往九宫山找寻其师父求助的三公主（林青霞 饰）手里后，欧阳锋企图抢到手但没成功。糊涂国师（张曼玉 饰）在淫威下屈服，查出三公主的具体下落，欧阳锋乘火箭金靴追赶 ，却误脱落一只插死刚出关的王重阳（钟镇涛 饰），奄奄一息的王重阳恳求适逢路过的三公主找到其师弟周伯通（刘嘉玲 饰）代为报仇。逃到九宫山的三公主邀得师弟黄药师（张国荣 饰）与师妹（王祖贤 饰）相助，再加上前来寻找表妹的洪七（张学友 饰）、找到真心人才能成仙的段智兴（梁家辉 饰），一场与欧阳锋的生死恶战蓄势待发……,https://movie.douban.com/subject/1316510/
164,你的名字。,/ 君の名は。,8.5,1601089,新海诚,神木隆之介 / 上白石萌音 / 长泽雅美 / 市原悦子 / 成田凌 / 悠木碧 / 岛崎信长 / 石川界人 / 谷花音 / 寺杣昌纪 / 大原沙耶香 / 井上和彦 / 茶风林 / 加藤有花 / 花泽香菜 / 寺崎裕香,在远离大都会的小山村，住着巫女世家出身的高中女孩宫水三叶（上白石萌音 配音）。校园和家庭的原因本就让她充满烦恼，而近一段时间发生的奇怪事件，又让三叶摸不清头脑。不知从何时起，三叶在梦中就会变成一个住在东京的高中男孩。那里有陌生的同学和朋友，有亲切的前辈和繁华的街道，一切都是如此诱人而真实。另一方面，住在东京的高中男孩立花泷（神木隆之介 配音）则总在梦里来到陌生的小山村，以女孩子的身份过着全新的生活。许是受那颗神秘彗星的影响，立花和三叶在梦中交换了身份。他们以他者的角度体验着对方的人生，这期间有愤怒、有欢笑也有暖心。只是两人并不知道，身份交换的背后隐藏着重大而锥心的秘密……,https://movie.douban.com/subject/26683290/
165,我是山姆,/ I Am Sam,9.0,378752,杰茜·尼尔森,西恩·潘 / 达科塔·范宁 / 米歇尔·菲佛 / 黛安·韦斯特 / 洛雷塔·迪瓦恩 / 理查德·希夫 / 劳拉·邓恩,在星巴克工作的山姆（西恩•潘 Sean Penn 饰），虽已成人，但智力水平只有7岁。一次偶然，他收留了一个流浪女。该女子帮山姆生下了一个女儿后消失得无影无踪。,https://movie.douban.com/subject/1306861/
166,阳光姐妹淘,/ 써니,8.8,641274,姜炯哲,沈恩敬 / 闵孝琳 / 姜素拉 / 南宝拉 / 陈熙琼 / 金时厚 / 柳好贞 / 朴真珠 / 李妍京 / 金甫美 / 千玗嬉 / 李璟荣,25年前，高中生任娜美（沈恩京 饰）一家从全罗道搬到汉城，娜美入读真德女子高中，因方言浓重怯于开口的娜美幸运的得到了同班大姐头夏春花（姜索拉 饰）的维护，并与围绕在夏春花周围的执着于双眼皮的金玫瑰、满嘴脏话的黄珍熙、梦想成为作家的徐金玉、要成为韩国小姐的俞福姬以及沉默傲慢的美人郑秀智等五人结识。在一次和不良少女团对决之后，春花和娜美等七人组成了“Sunny”团体……,https://movie.douban.com/subject/4917726/
167,末路狂花,/ Thelma & Louise,9.0,353364,雷德利·斯科特,吉娜·戴维斯 / 苏珊·萨兰登 / 哈威·凯特尔 / 迈克尔·马德森 / 布拉德·皮特,该片被认为是向男权社会发出抗争的女性主义电影代表作。,https://movie.douban.com/subject/1291992/
168,恐怖直播,/ 더 테러 라이브,8.7,731798,金秉祐,河正宇 / 李璟荣 / 全慧珍 / 李大卫 / 金弘波 / 崔正贤 / 崔大勋 / 姜信哲 / 韩成天 / 孙成灿 / 金素辰 / 金大明 / 金海仁,韩国首尔某个平凡的早上，广播电台Daily Topic节目的主持人尹英华（河正宇 饰）正就税率改革与听众进行连线，这时一个自称住在首尔昌信洞的普通工人朴鲁圭打入电话，大肆抱怨超高的电费和相关部门对他的威胁。尹英华颇不耐烦，以偏离主题为由强行切断电话。谁知连线无法单方面由电台方面中断，愤怒的朴鲁圭继续抱怨，并扬言炸掉汉江大桥。尹英华不以为然，进而怂恿对方想做就做，谁知话音刚落，窗外的麻浦大桥便炸作废墟。大惊失色的尹英华很快冷静下来，他决定利用这次难得的机会打一次事业的翻身仗。,https://movie.douban.com/subject/21360417/
169,黑客帝国3：矩阵革命,/ The Matrix Revolutions,8.8,499936,拉娜·沃卓斯基,基努·里维斯 / 劳伦斯·菲什伯恩 / 凯瑞-安·莫斯 / 雨果·维文 / 贾达·萍克特·史密斯 / 凯特·宾汉 / 玛丽·爱丽丝 / 莫妮卡·贝鲁奇 / 埃茜·戴维斯 / 克里斯托弗·卡比 / 罗伯特·马莫内 / 罗宾·奈文 / 吉娜薇·欧瑞丽 / 诺娜·加耶 / 纳撒尼尔·利斯 / 哈里·列尼斯 / 哈罗德·佩里诺 / 鲁伯特·雷德 / 凯文·迈克尔·理查德森 / 大卫·罗伯茨 / 布鲁斯·斯宾斯 / 吉娜·托瑞斯 / 克莱顿·华生 / 赫尔穆特·巴凯蒂斯 / 邹兆龙 / 乔·曼宁 / Tanveer K. Atwal / 拉黑·休姆 / 康奈尔·韦斯特 / 伯纳德·怀特 / 朗贝尔·维尔森 / 安东尼·布兰登·黄 / 安东尼·泽比 / 克雷格·沃克,第二集中，尼奥（基努·里维斯 Keanu Reeves 饰）没有能从内部摧毁“母体”，他的身体在真实世界的飞船上陷于昏迷，思想却被困在介于“母体”和真实世界的中间地带，这个地方由“火车人”控制。墨菲斯（劳伦斯·菲什伯恩 Laurence Fishburne 饰）和崔妮蒂（凯瑞-安·莫斯 Carrie-Anne Moss 饰）等人知道了尼奥的情况，在守护天使的带领下， 找到了“火车人”的控制者梅罗纹奇，经过一番激斗，将尼奥救了出来。,https://movie.douban.com/subject/1302467/
170,高山下的花环,/ 卫国军魂(港)  /  Wreaths at the Foot of the Mountain,9.5,161771,谢晋,吕晓禾 / 唐国强 / 何伟 / 童超 / 盖克 / 王玉梅 / 刘燕生 / 斯琴高娃 / 倪大红 / 何毅 / 石磊 / 贾雨岚 / 李丹军 / 管宗祥 / 李振平 / 胡宗琪 / 洪军,驻扎在四川广元的九连长梁三喜（吕晓禾 饰）为了从军政治部调来的指导员赵蒙生（唐国强 饰）推迟了探亲假，可出身高干家庭吃不了苦的蒙生打算只干几个月就走。1979年，赵母吴爽（刘燕生 饰）得知蒙生部队将要赴越作战，加紧督办调动之事。耿直的炮排长靳开来（何伟 饰）听说后火冒三丈，扬言要自费上北京告状。部队开赴云南边境，吴爽孤注一掷请求军长雷震（童超 饰）将蒙生调回后方……,https://movie.douban.com/subject/1422283/
171,小丑,/ Joker,8.7,1129747,托德·菲利普斯,华金·菲尼克斯 / 罗伯特·德尼罗 / 马克·马龙 / 莎姬·贝兹 / 谢伊·惠格姆 / 弗兰西丝·康罗伊 / 布莱恩·考伦 / 布莱恩·泰里·亨利 / 布莱特·卡伦 / 道格拉斯·霍奇 / 格伦·弗莱舍尔 / 比尔·坎普 / 乔什·帕斯 / 但丁·佩雷拉-奥尔森 / 玛丽·凯特·马拉特 / 迈克尔·本茨 / 莎珑·华盛顿 / 桑德拉·詹姆斯 / 托尼·赫德 / 曼德拉·贝拉米 / 乔·奥克曼 / 卡尔·伦德施泰特 / 米克·奥罗克 / 大卫·吉布森 / 伊万·罗萨多 / 安妮·比萨比亚 / 布莱斯·科里根 / 乔恩·道格拉斯·雷尼 / 艾恩斯利·丹恩 / 杰森·约翰·奇卡莱塞,湿冷无望的哥谭市，卑微的亚瑟·弗兰克（华金·菲尼克斯 Joaquin Phoenix 饰）依靠扮演小丑赚取营生。与之相依为命的母亲患有精神疾病，而亚瑟深记母亲的教诲，无论遭受怎样的挫折都笑对人生，却因此让自己背负着莫大的压力，濒临崩溃。他梦想成为一名脱口秀演员，怎奈生活一次次将失望狠狠地砸在他的头上。不仅如此，他因意外丢掉了工作，偶然瞥见母亲的秘密，又使他心中燃起对那个与之地位悬殊却从未谋面的父亲的殷切渴望。命运习惯了事与愿违，空荡荡的地铁内，悲伤的小丑在无法自已的癫狂笑声中大开杀戒……,https://movie.douban.com/subject/27119724/
172,谍影重重3,/ The Bourne Ultimatum,8.9,473754,保罗·格林格拉斯,马特·达蒙 / 朱丽娅·斯蒂尔斯 / 大卫·斯特雷泽恩 / 斯科特·格伦 / 帕迪·康斯戴恩 / 埃德加·拉米雷兹 / 阿尔伯特·芬尼 / 琼·艾伦 / Tom Gallop / 克里·约翰逊 / 丹尼尔·布鲁赫 / 乔伊·安沙 / 科林·斯廷顿 / 丹·弗雷登堡 / Lucy Liemann,失去了心爱的女人，波恩（马特•戴蒙 饰）面临更为艰难的日子，他努力回忆，却只能在睡梦中被脑海里一知半解的闪回所惊醒，依然无法记起自己的身份。,https://movie.douban.com/subject/1578507/
173,三块广告牌,"/ Three Billboards Outside Ebbing, Missouri",8.7,924542,马丁·麦克唐纳,弗兰西斯·麦克多蒙德 / 伍迪·哈里森 / 山姆·洛克威尔 / 艾比·考尼什 / 卢卡斯·赫奇斯 / 彼特·丁拉基 / 约翰·浩克斯 / 卡莱伯·兰德里·琼斯 / 凯瑟琳·纽顿 / 凯瑞·康顿 / 泽利科·伊万内克 / 萨玛拉·维文 / 克拉克·彼得斯 / 尼克·瑟西 / 阿曼达·沃伦 / 玛拉雅·瑞沃拉·德鲁 / 布兰登·萨克斯顿 / 迈克尔·艾伦·米利甘,米尔德雷德（弗兰西斯·麦克多蒙德 Frances McDormand 饰）的女儿在外出时惨遭奸杀，米尔德雷德和丈夫查理（约翰·哈克斯 John Hawkes 饰）之间的婚姻因此走到了尽头，如今，她同儿子罗比（卢卡斯·赫奇斯 Lucas Hedges饰）过着相依为命的生活。一晃眼几个月过去了，案件仍然没有告破预兆，而警方似乎早已经将注意力从案子上转移了开来。,https://movie.douban.com/subject/26611804/
174,电锯惊魂,/ Saw,8.7,616888,温子仁,雷·沃纳尔 / 加利·艾尔维斯 / 丹尼·格洛弗 / 梁振邦 / 迪娜·迈耶 / 迈克·巴特斯 / 保罗·古德勒支 / 迈克尔·爱默生 / 本尼托·马丁内斯 / 肖妮·史密斯 / 麦肯兹·韦加 / 莫妮卡·波特 / 耐德·巴拉米 / 亚丽姗德拉·全 / 托宾·贝尔,一觉醒来的亚当（雷•沃纳尔 Leigh Whannell饰）发现自己被困在一个废弃的厕所里。他的对面是同样命运的劳伦斯（加利•艾尔维斯 Cary Elwes 饰）——他们被人用铁链绑住了腿，并吃惊发现二人中间横亘着一个恐怖的死人。死人鲜血淋漓，左手拿录放机右手拿枪。,https://movie.douban.com/subject/1417598/
175,无间道2,/ 無間道II,8.8,571618,刘伟强,陈冠希 / 余文乐 / 曾志伟 / 黄秋生 / 吴镇宇 / 刘嘉玲 / 胡军 / 张耀扬 / 连凯 / 惠英红 / 廖启智 / 张同祖 / 方平 / 敖志君 / 黄岳泰 / 陈德森 / 赵颂茹 / 叶世品 / 郑斌辉 / 许金峰 / 陈望华 / 尹志强 / 傅嘉莉 / 段伟伦 / 林仲岐 / 金来群 / 黄锐生 / 张碧珊 / 刘宗基 / 王文成 / 张旭燊 / 林国杰 / 雷小明 / 里卡多·马姆多 / 布兰登·雷亚 / 李霆锋 / 阎青妤 / 龙比意 / Phorjeat Keanpetch,1991年，香港黑帮龙头倪坤被杀，倪氏家族旗下五大头目中除韩琛（曾志伟）外，均伺机背叛发难，不料却被倪家不起眼的第二代倪永孝（吴镇宇）不费一兵一卒牵制，此举引来重案祖督察黄志诚（黄秋生）的戒心，使其派出警校学生陈永仁（余文乐）渗入倪家进行长期的卧底工作，而韩琛为了巩固势力，早在警察内部安插了线人刘建明（陈冠希）。三年后，事业蒸蒸日上的倪永孝为安枕无忧，决意将五大头目一举歼灭，却因疏忽让韩琛成为漏网之鱼。,https://movie.douban.com/subject/1307106/
176,达拉斯买家俱乐部,/ Dallas Buyers Club,8.8,509004,让-马克·瓦雷,马修·麦康纳 / 詹妮弗·加纳 / 杰瑞德·莱托 / 史蒂夫·扎恩 / 达拉斯·罗伯特斯 / 凯文·兰金 / 丹尼斯·欧哈拉 / 简·麦克尼尔 / 格里芬·邓恩 / 詹姆斯·杜蒙特 / 朱丽叶·里夫斯 / 斯蒂菲·格罗特 / J·D·埃弗摩尔,1985年美国达拉斯市，恐同的德州电工罗恩·伍德鲁夫（马修·麦康纳 Matthew McConaughey 饰）发现自己患上“同志病”——艾滋，生命只剩30天。他使用的AZT（叠氮胸苷）是当时美国药管局唯一批准面市的抗艾药物，但毒性极大。为了活下去，罗恩开始研究各种抗艾 处方和替代疗法，甚至走私来自世界各地未经批准的药物。在医生萨克斯（詹妮弗·加纳 Jennifer Garner 饰）和异装癖同性恋雷蒙（杰瑞德·莱托 Jared Leto 饰）的帮助下，罗恩开始成立了一个叫做“达拉斯买家俱乐部”的地下组织，为艾滋病人提供更多“非常规疗法”，很多患病的男同性恋亦求助于他。他的举动自然受到了药管局和药商的阻挠和施压。罗恩最终在1992年9月去世，离他被告知只剩30天可活已经过去了2557天。在这近7年时间里，他坚持不懈的与病魔、与药管局及制药商进行艰苦的...,https://movie.douban.com/subject/1793929/
177,疯狂原始人,/ The Croods,8.7,925569,柯克·德·米科,尼古拉斯·凯奇 / 艾玛·斯通 / 瑞安·雷诺兹 / 凯瑟琳·基纳 / 克萝丽丝·利奇曼 / 克拉克·杜克 / 克里斯·桑德斯 / 兰迪·汤姆,原始人咕噜一家六口在老爸Grug（尼古拉斯·凯奇 Nicolas Cage 配音）的庇护下生活。每天抢夺鸵鸟蛋为食，躲避野兽的追击，每晚听老爸叙述同一个故事，在山洞里过着一成不变的生活。大女儿Eep（艾玛·斯通 Emma Stone 配音）是一个和老爸性格截然相反的充满好奇心的女孩，她不满足一辈子留在这个小山洞里，一心想要追逐山洞外面的新奇世界。,https://movie.douban.com/subject/1907966/
178,绿里奇迹,/ The Green Mile,8.9,390946,弗兰克·德拉邦特,汤姆·汉克斯 / 大卫·摩斯 / 迈克·克拉克·邓肯 / 邦妮·亨特 / 詹姆斯·克伦威尔 / 迈克尔·杰特 / 格雷厄姆·格林 / 道格·休切逊 / 山姆·洛克威尔 / 巴里·佩珀 / 杰弗里·德曼 / 派翠西娅·克拉克森 / 哈利·迪恩·斯坦顿 / 戴布思·格里尔 / 伊芙·布伦特,狱监保罗（汤姆•汉克斯 Tom Hanks 饰）这天迎来了一位不平凡的杀人犯――约翰•考夫利（迈克•克拉克•邓肯 Michael Clarke Duncan 饰）。约翰因杀了两名幼女被判死刑来到了这座著名的冷山监狱，监狱里有一片称为“绿里”的绿地，绿地那头就是刑场。,https://movie.douban.com/subject/1300374/
179,爱在午夜降临前,/ Before Midnight,8.9,477820,理查德·林克莱特,伊桑·霍克 / 朱莉·德尔佩 / 肖姆斯·戴维-菲茨帕特里克 / 詹妮弗·普里尔 / 夏洛特·普里尔 / 仙尼娅·卡洛格罗普卢 / 沃尔特·拉萨利 / 亚里安妮·拉贝德 / 雅尼斯·帕帕多普洛斯 / 阿赛娜·拉海尔·灿加里 / 帕诺斯·科罗尼斯 / 约塔·阿吉罗普卢 / 约翰·斯洛斯,被影迷奉为爱情圭臬的《爱在黎明破晓前》、《爱在日落黄昏时》终于迎来了第三部《爱在午夜降临前》。第一部中美国青年杰西（伊桑·霍克 Ethan Hawke 饰）坐火车邂逅法国女孩赛琳（朱莉·德尔佩 Julie Delpy 饰），两人在维也纳度过难忘一晚；9年后的第二部，杰西已成 为作家，他的小说让他和赛琳在巴黎重逢，两人于日落前再续前缘。如今又一个9年过去了，杰西与赛琳已经一起生活并有了一对双胞胎女儿，对人生和爱情也有了更多感悟。《爱在午夜降临前》就是撷取他们在希腊伯罗奔尼撒南部小岛度假的最后一天。,https://movie.douban.com/subject/10808442/
180,疯狂的石头,/ Crazy Stone,8.6,930971,宁浩,郭涛 / 刘桦 / 连晋 / 黄渤 / 徐峥 / 岳小军 / 罗兰 / 王迅,重庆一间工艺品厂已经濒临倒闭，却不料在拆倒旧厂房的时候，发现了厕所里的一件宝物——一块价值连城的翡翠。厂里决定用这块翡翠举办一个展览，赚些钱发拖欠了几个月的工人工资。期间由工艺品厂保卫科长包世宏（郭涛 饰）负责看守这件宝物。但是，国际大盗麦克与本地一帮小偷却让包世宏一筹莫展，他们各施其技接近翡翠，展览馆开始了一场明争暗斗的较量。黑色幽默也开始幕幕上演。翡翠的价值几何？最后谁是胜出者？事情远没有表面那么简单……,https://movie.douban.com/subject/1862151/
181,雨中曲,/ Singin' in the Rain,9.1,270974,斯坦利·多南,吉恩·凯利 / 唐纳德·奥康纳 / 黛比·雷诺斯 / 简·哈根 / 米勒德·米切尔 / 赛德·查里斯 / 达格拉斯·福雷 / 丽塔·莫雷诺 / 道恩·艾达丝 / John Albright / Betty Allen / Bette Arlen / David Bair / 玛格丽特·伯特 / Madge Blake / Gail Bonney / Chet Brandenburg / 梅·克拉克 / Harry Cody / Chick Collins / Pat Conway / Jeanne Coyne / Fred Datig Jr. / 凯·德利斯 / John Dodsworth / 金·多诺万 / Phil Dunham / 海伦·艾比罗克 / Richard Emory / Tommy Farrell / Ernie Flatt / 贝丝·弗劳尔斯 / 罗伯特·福捷 / Dan Foster / Robert Foulk / Eric Freeman / 凯瑟琳·弗里曼 / 兰斯·富勒 / 杰克·乔治 / John George / Inez Gorman / A. Cameron Grant / Beatrice Gray / William Hamel / 山姆·哈里斯 / Timmy Hawkins / Jean Heremans / 斯图尔特·霍姆斯 / 肯纳G.肯普 / 迈克·拉里 / 乔伊·兰辛 / William F. Leicester / Sylvia Lewis,1927年，由唐·洛克伍德（吉恩·凯利 饰）和丽娜·雷蒙德（简·哈根 饰）主演的《皇家流氓》在好莱坞首映。由于丽娜刺耳的嗓音无法匹配其夺目的外貌，为了维护明星形象，宣传部只得安排唐一人讲话。首映后，由于钢琴师科斯莫·布朗（唐纳德·奥康纳 饰）的汽车爆胎，为了躲避疯狂的影迷，唐意外结识了能歌善舞的凯西·塞尔登（黛比·雷诺斯 饰），并被其深深吸引。数周后，首部有声电影《爵士歌手》爆红，唐与丽娜的新片《决斗骑士》不得不临时改变拍摄方式，而凯西也成为歌舞片演员。因预映口碑极差，科斯莫提议将《决斗骑士》改为歌舞片，由凯西为丽娜配音，凯西积极附议。与凯西吻别后，唐心花怒放，在雨中载歌载舞。科斯莫的计划能否奏效？幕后的凯西能否走到台前接受观众的掌声？,https://movie.douban.com/subject/1293460/
182,2001太空漫游,/ 2001: A Space Odyssey,8.9,400017,斯坦利·库布里克,凯尔·杜拉 / 加里·洛克伍德 / 威廉姆·西尔维斯特 / 丹尼尔·里希特 / 雷纳德·洛塞特 / 罗伯特·比提 / 肖恩·沙利文 / 艾德·毕肖普 / 格伦·贝克 / 艾伦·吉福德 / 安·吉利斯,这部影片是库布里克花了四年时间制作的充满哲学命题的鸿篇巨制。一块大黑石树立在史前人类的面前，他们刚刚开始认识工具，进入到进化的里程碑。同样的黑石还在宇宙多处出现，它们矗立在月球上，漂浮在太空中，带着某种神秘的寓意。,https://movie.douban.com/subject/1292226/
183,海街日记,/ 海街diary,8.8,525030,是枝裕和,绫濑遥 / 长泽雅美 / 夏帆 / 广濑铃 / 大竹忍 / 堤真一 / 加濑亮 / 风吹淳 / 中川雅也 / 前田旺志郎 / 铃木亮平 / 坂口健太郎 / 树木希林,临海古都镰仓，顺山而成的小镇，不起眼的角落里生活着香田家四姐妹。她们的父亲早年和情人离家出走，母亲则干脆将女儿们抛给了外婆照顾。外婆去世后，外孙女们继承了这栋有着悠久历史的大房子。过早担负起家庭重任的大姐香田幸（绫濑遥 饰），尽心尽力照顾着两个妹妹佳乃（长泽雅美 饰）、千佳（夏帆 饰）健康成长。这一天，父亲去世的消息传到姐妹手中。她们结伴而行参加了父亲的葬礼，并且结识了从未谋面的异母妹妹浅野铃（广濑丝丝 饰）。许是血缘中的亲近之感，幸在临行前邀请铃搬来镰仓同住。未过多久，抱着对姐姐们的憧憬，铃迈入了父亲曾经生活过的房子。四季流转，姐妹们的故事悄然上演……,https://movie.douban.com/subject/25895901/
184,风之谷,/ 風の谷のナウシカ,8.9,395471,宫崎骏,岛本须美 / 松田洋治 / 榊原良子 / 辻村真人 / 京田尚子 / 纳谷悟朗 / 永井一郎 / 宫内幸平 / 八奈见乘儿 / 矢田稔 / 富永美伊奈 / 家弓家正 / 吉田理保子 / 菅谷政子 / 坂本千夏 / 鳕子 / 麦人 / 大塚芳忠,工业文明的高度发展，却最终带来灾难，一场为期7天的虫族毁灭战争摧毁了人类文明。一千年后，工业文明遗留下来的症结仍在困扰这个星球。带有强烈毒性的植物组成了令人望而却步的“腐海”森林，随着时间的推移，腐海有条不紊地向四周蔓延，蚕食周边世界。在一片腐海森林的旁边，居住着一群御风而行的人类。女主角娜乌茜卡和族人依靠海风的力量抵御着有毒孢子的侵蚀，过着平静祥和的生活。,https://movie.douban.com/subject/1291585/
185,上帝之城,/ Cidade de Deus,9.0,335107,费尔南多·梅里尔斯,亚历桑德雷·罗德里格斯 / 莱安德鲁·菲尔米诺 / 菲利佩·哈根森 / 道格拉斯·席尔瓦 / 乔纳森·哈根森 / 马修斯·纳克加勒 / 塞乌·乔奇 / 艾莉丝·布拉加,巴西里约热内卢的贫民窟，这里是“上帝之城”，更是魔鬼也会叹息着转身的地方。,https://movie.douban.com/subject/1292208/
186,心迷宫,/ 殡棺  /  The Coffin in the Mountain,8.7,622143,忻钰坤,霍卫民 / 王笑天 / 罗芸 / 杨瑜珍 / 孙黎 / 邵胜杰 / 曹西安 / 贾致钢 / 朱自清 / 王梓尘 / 赵梓彤 / 贾世忠 / 袁满 / 陈梅生 / 张景素 / 平坦 / 金子 / 张建军,河南中原某个平凡的小山村，清早起来突然多出一具烧焦的尸体，这个消息很快传遍全村。村中妙龄女孩黄欢（罗芸 饰）同时失踪，由于弟弟被黄欢甩掉后酗酒意外身亡，王宝山前一日当众宣称要让黄欢偿命。因此，众人一度以为这是女孩的尸体。可是尸体的男性特征又打破了这个猜测。紧接着，尸体身上发现未烧毁的身份证，其身份指向了村花丽琴（孙黎 饰）的丈夫陈自立。哪曾想葬礼进行中途，丽琴又接到另一处打来的电话，通知她其丈夫意外身亡。这一次，焦尸的身份再度变得扑朔迷离。,https://movie.douban.com/subject/25917973/
187,英雄本色,/ A Better Tomorrow  /  Gangland Boss,8.6,609765,吴宇森,周润发 / 狄龙 / 张国荣 / 朱宝意 / 李子雄 / 田丰 / 吴宇森 / 曾江 / 成奎安 / 徐克 / 陈志辉,香港某个国际伪钞集团重要分子宋子豪（狄龙 饰）和Mark（周润发 饰）情同手足，某次宋子豪带手下谭成（李子雄 饰）去台北交易时被其出卖受枪伤被捕入狱，为替好兄弟报仇，Mark孤身赴台，结果被人打成瘸子，江湖地位自此一落千丈，而宋子豪的父亲也在不久丧命。 一向视宋子豪为偶像的宋子杰（张国荣 饰）得知哥哥的真实身份后，对黑社会及他恨之入骨，立誓利用警察身份将黑帮势力斩草除根，宋子豪出狱后不顾苦等他想重创辉煌的Mark的劝阻，决心弃暗投明，无奈得不到宋子杰的谅解。而此时已成帮会老大的谭成欲找宋子豪再合作，遭拒绝后放言会害宋子杰，被逼走投无路，宋子豪决定再与Mark连手共抗强敌。,https://movie.douban.com/subject/1297574/
188,记忆碎片,/ Memento,8.7,673961,克里斯托弗·诺兰,盖·皮尔斯 / 凯瑞-安·莫斯 / 乔·潘托里亚诺 / 小马克·布恩 / 拉什·费加 / 乔雅·福克斯 / 斯蒂芬·托布罗斯基 / 哈里特·桑塞姆·哈里斯 / 托马斯·列农 / 考乐姆·吉斯·雷尼 / 金伯利·坎贝尔 / 玛丽安妮·穆勒雷尔 / 拉里·霍尔登,当记忆支离破碎后，你该怎样面对生活？本片的主人公就遭遇了这样的事情。,https://movie.douban.com/subject/1304447/
189,纵横四海,/ 縱橫四海,8.8,488085,吴宇森,周润发 / 张国荣 / 钟楚红 / 朱江 / 曾江 / 胡枫 / 唐宁 / 邓一君,砵仔糕（周润发 饰）、阿占（张国荣 饰）和红豆（钟楚红 饰）均是孤儿，在养父（曾江 饰）栽培下成为国际大盗。长大后成了帮他赚钱的艺术品大盗，而三人同时又认了警察（朱江 饰）为干爹。,https://movie.douban.com/subject/1295409/
190,无敌破坏王,/ Wreck-It Ralph,8.7,615445,瑞奇·摩尔,约翰·C·赖利 / 萨拉·西尔弗曼 / 杰克·麦克布瑞尔 / 简·林奇 / 艾伦·图代克 / 敏迪·卡灵 / 乔·洛·特鲁格里奥 / 艾德·奥尼尔 / 丹尼斯·海斯伯特 / 伊迪·麦克勒格 / 雷蒙德·S·佩尔西 / 杰斯·哈梅尔 / 瑞秋·哈里斯 / 斯盖拉·阿斯丁 / 亚当·卡罗拉 / 霍拉提奥·桑斯 / 莫里斯·拉马奇 / 斯戴芬妮·斯考特 / 约翰·迪·马吉欧 / 瑞奇·摩尔 / 凯蒂·洛斯 / 贾米·埃曼 / 乔西·特立尼达 / 辛贝·沃克 / 塔克·吉莫尔 / 布兰登·斯考特 / 蒂姆·梅尔滕斯 / 凯文·迪特斯 / 杰洛·里佛斯 / 马丁·贾维斯 / 布莱恩·克辛格 / 罗杰·克莱格·史密斯 / 菲尔·约翰斯顿 / 鲁本·兰登 / 凯尔·赫伯特 / 洁米·斯贝勒·罗伯茨 / 尼克·格里姆肖,无敌破坏王（约翰·C·赖利 John C. Reilly 配音）生活在一个80年代出品的低精度游戏中。他的设定身份是一个反派，每天的生活就是在游戏《快手阿修》中大搞破坏，其后由玩家操作的英雄人物快手阿修（杰克·麦克布瑞尔 Jack McBrayer 配音） 会及时赶到进行修补，赢得奖牌，包揽一切荣耀。身为反派，破坏王厌倦了自己的生活，眼看阿修被胜利者的光环围绕，自己却日复一日在无趣中过活，他终于决定改变。单纯的他以为只要自己也能得到一枚奖牌，就可以摆脱反派的身份，于是某日在游戏厅歇业后，破坏王偷偷离开了自己的游戏，前去闯荡其他电子游戏的世界。,https://movie.douban.com/subject/6534248/
191,卢旺达饭店,/ Hotel Rwanda,8.9,369156,特瑞·乔治,唐·钱德尔 / 苏菲·奥康内多 / 华金·菲尼克斯 / 尼克·诺特 / 哈基姆·凯-卡西姆 / 托尼·戈罗奇 / 法纳·莫科纳 / 大卫·奥哈拉 / 莫苏西·麦格诺 / 西莫·莫加瓦扎 / 卡拉·西摩 / 罗伯托·西特兰 / 德斯蒙德·杜布 / 蕾乐蒂·库马洛,1994年卢旺达宣布独立后，胡图族与图西族两部族之间矛盾重重，多次发生冲突，战事持续不断。胡图族大肆屠杀图西族人，在这种背景下，卢旺达饭店经理保罗一直四面奔走，最终成功挽救了饭店里一千多名图西族和胡图族难民。,https://movie.douban.com/subject/1291822/
192,牯岭街少年杀人事件,/ 牯嶺街少年殺人事件,8.9,372992,杨德昌,张震 / 杨静怡 / 张国柱 / 王启赞 / 林鸿铭 / 金燕玲 / 王琄 / 张翰 / 姜秀琼 / 赖梵耘 / 柯宇纶 / 谭志刚 / 陈湘琪 / 金士杰,结识小明（杨静怡）前，小四（张震）是典型的乖仔，是父母的希望和兄妹的骄傲（一家人指望他考上名牌大学将来提升全家的社会地位），他有一个喜欢摇滚乐的自称“小猫王（王启赞）”的好友，两人虽会去树林看人幽会，但过的是与周围诸多在“小公园”混的少年人完全两样的生活。,https://movie.douban.com/subject/1292329/
193,恐怖游轮,/ Triangle,8.5,997471,克里斯托弗·史密斯,梅利莎·乔治 / 迈克尔·多曼 / 利亚姆·海姆斯沃斯 / 瑞秋·卡帕尼 / 亨利·尼克松 / 艾玛·朗 / 约书亚·麦基弗 / 杰克·泰勒 / 布莱恩·普罗贝茨,单亲母亲杰西（梅利莎·乔治 饰）和一帮朋友乘游艇出海游玩，但她总有一种有不好的事情发生的感觉。不久，他们便在海上遭遇一场强烈的风暴。游艇翻船，众人落海，几经挣扎他们好不容易爬到游艇残骸上来。正当他们无计可施之时，一艘巨大的游轮向众人缓缓驶来。众人欣喜过望，未加思索便登上这艘名为“艾俄洛斯”的游轮，结果发现这竟是一艘1930年便告失踪的神秘之船，而船上更是空无一人。,https://movie.douban.com/subject/3011051/
194,东京教父,/ 東京ゴッドファーザーズ,9.0,293927,今敏,江守彻 / 梅垣义明 / 冈本绫 / 饭塚昭三 / 加藤精三 / 石丸博也 / 槐柳二 / 屋良有作 / 寺濑今日子 / 能登麻美子 / 大塚明夫 / 小山力也 / 宇垣秀成 / 小形满 / 芝原智矢子 / 竹口安芸子 / 伊藤和晃 / 古田信幸 / 汤屋敦子 / 堀川仁 / 风间勇刀 / 最上嗣生 / 园部好德 / 川濑晶子 / 宫崎晋永 / 矢原加奈子 / 柴田理惠 / 犬山犬子 / 山寺宏一 / 柚木凉香 / 进藤尚美 / 川原庆久 / 麻生智久 / 铃森勘司 / 金田朋子 / 藤原启治 / 兴梠里美,圣诞夜，退役自行车选手Gin，性倒错者花，离家出走的少女美由纪三人在东京的雪夜中无所事事。这时，他们发现垃圾堆中有一位哭泣的弃婴。孩子的襁褓中仅有一个酒吧的名片与照片。婴儿的父母身份成了谜团。 花想收留孩子，并将孩子取名清子。但另外2人表示反对。于是三人开始了寻找清子父母的旅程。圣诞夜幸福的气氛，伴随的却是怀中清子的哭泣。无家可归的三个人，开始为同样无家可归的清子找寻属于她的家。这一队流浪者，在一夜经历了诸多奇妙的事件。他们能找到清子的父母吗？,https://movie.douban.com/subject/1310177/
195,小偷家族,/ 万引き家族,8.7,899193,是枝裕和,中川雅也 / 安藤樱 / 松冈茉优 / 城桧吏 / 佐佐木美结 / 树木希林 / 绪形直人 / 池松壮亮 / 森口瑶子 / 山田裕贵 / 片山萌美 / 柄本明 / 高良健吾 / 池胁千鹤 / 足立智充,东京的都市丛林中央，残存着一栋古旧寒酸的老房子，这里局促地生活着柴田一家五口人。在工地当临时工的男人阿治（Lily Franky 饰）经常带着儿子祥太（城桧吏 饰）到超市盗窃生活用品，这一天，他们回家路上遇到了独自待在户外的四岁女孩由里（佐佐木美结 饰）。妻子信代（安藤樱 饰）起初极力主张将女孩送回父母身边，但当看到女孩原生家庭的状况时又心生恻隐。原本柴田家就靠着老奶奶初枝（树木希林 饰）的养老金度日，而今多了一口人，自然更艰辛了几分。包括信代的妹妹亚纪（松冈茉优 饰）在内，虽然一家人游走在贫困和违法的边缘，但笃深的羁绊将他们紧紧联系在一起，使他们的心不会随着冰冷的都市而寒冷下去……,https://movie.douban.com/subject/27622447/
196,魔女宅急便,/ 魔女の宅急便,8.7,528048,宫崎骏,高山南 / 佐久间玲 / 户田惠子 / 山口胜平 / 信泽三惠子 / 加藤治子 / 关弘子 / 三浦浩一 / 山寺宏一 / 井上喜久子 / 渊崎由里子 / 土井美加 / 土师孝也 / 浅井淑子 / 齐藤昌 / 西村知道 / 小林优子 / 池水通洋 / 辻亲八 / 大塚明夫 / 坂本千夏 / 田口昂 / 键本景子 / 津贺有子 / 龟井芳子 / 丸山裕子,琪琪今年13岁了，按照魔法界的规矩，魔法少女年满13岁就要出外进行为期一年的修行。所以琪琪带着宠物黑猫吉吉踏上了修行之旅。然而，修行之旅开始得并不顺利，当琪琪来到海边一座大城市时，人们并没有欢迎她的到来，人人都不搭理她。幸亏琪琪有一颗善良的心，当她拾到了一件别人的失物时，热心的琪琪找到了失主。她的善良赢得了面包店老板娘的好感，琪琪就在面包店开始了她用飞行魔法为客人服务的快递业务。琪琪很快适应了新环境，一次，一个热衷于飞机制造的男孩邀请琪琪去参加飞行俱乐部的聚会，途中琪琪因为帮一位老大娘送东西而被雨淋了。从此，琪琪突然发现自己的魔法正在一天天变弱。,https://movie.douban.com/subject/1307811/
197,冰川时代,/ Ice Age,8.7,689264,卡洛斯·沙尔丹哈,雷·罗马诺 / 约翰·雷吉扎莫 / 丹尼斯·利瑞 / 杰克·布莱克,冰河时期降至，动物们都急着迁徙到温暖的地方及储存食物。长毛象曼弗瑞德、树獭希德、剑齿虎迪亚戈为了帮助一个人类的婴儿回到父母身边，因而也掉了动物们迁徙的队伍。三只性格各异的动物，觉得集合力量帮助婴儿。一路上，善良的曼弗瑞德总觉得迪亚戈心怀鬼胎，想吃掉婴儿，互相猜疑。他们一起经历了无数艰难险阻，终于能够真诚相对。,https://movie.douban.com/subject/1291578/
198,芙蓉镇,/ Hibiscus Town,9.3,192409,谢晋,刘晓庆 / 姜文 / 郑在石 / 张光北 / 徐松子 / 祝士彬 / 刘利年 / 徐宁 / 黎模宪 / 麦文燕 / 姜友石 / 肖其昌 / 李国文 / 解梅精 / 马少朋 / 贾志杰 / 曹洪弟 / 赵仲 / 瞿继之 / 王恩珠 / 夏文华,本片分上下两集，讲述了位于湘、粤、桂三省交界处的芙蓉镇上，人称“芙蓉姐”的漂亮女人胡玉音（刘晓庆）在“四清运动”及“文化大革命”中的遭遇。,https://movie.douban.com/subject/1297880/
199,忠犬八公物语,/ ハチ公物語,9.2,220010,神山征二郎,仲代达矢 / 八千草薰 / 柳叶敏郎 / 尾美利德 / 石野真子 / 春川真澄 / 殿山泰司 / 加藤嘉 / 井川比佐志 / 山本圭 / 片桐入 / 浦边粂子 / 高桥长英 / 石仓三郎 / 岸部四郎 / 樋浦勉 / 原知佐子 / 早川纯一 / 川上夏代 / 青木卓 / 野口文惠 / 黑田亚瑟 / 中村美代子 / 原吉实 / 松尾麻织 / 平林尚三 / 田山真美子 / 及川以造 / 古田将士 / 吉冈圭二 / 松本诚一 / 坂井茂树 / 三浦忠度 / 竹田光裕 / 小岛敏彦 / 高崎隆二 / 小山昌幸 / 秋山京子 / 庄司秀俊 / 藤原等 / 西海真理 / 小山内一雄 / 田中孝雄 / 荒木瞳 / 天野良昭 / 八木邦明 / 神田典子 / 大辉昭 / 高桥正明 / 中濑博文 / 菊川予市 / 太田行雄 / 高市好行 / 木津修 / 山下一夫 / 细见良行 / 山口晴记 / 千叶康司 / 谷津勋 / 难波透 / 和气秀章 / 小野一光 / 山科薰 / 内田修司 / 三上祐 / 作原利男 / 岩庭友启 / 石田哲也 / 门平克己 / 佐藤法义 / 上山隆 / 小玉赖信 / 寺坂博文 / 竹原升 / 三木纪平 / 泉谷茂 / 菅井琴 / 加藤登纪子 / 长门裕之 / 山城新伍 / 田村高广,1923年，日本秋田县大馆市天降大雪，近藤家纯种秋田犬产仔，赠与县土木科长间濑。后者将其中一犬转赠东京帝国大学教授上野秀次郎（仲代达矢 Tatsuya Nakadai 饰）驯养。上野的独生女千鹤子对此欢欣鼓舞，而上野夫妇却面露难色。后来，千鹤子（石野真子 Mako Ishino饰）谈恋爱，竟怀了男友的孩子。男友专程登门造访。上野与之对谈，后者诚惶诚恐，坦言要对其女儿负责，事不宜迟，即日便举行婚礼，上野闻听此言，转怒为喜。千鹤子出嫁后，上野旋即把全部的心血与爱都投注在幼犬身上，并取名为阿八。每日上下班，阿八必在涩谷车站等候，一年四季，风雨无阻，令路人叹为观止，成为地方一道风景，主仆之情感动天地……,https://movie.douban.com/subject/1959195/
200,岁月神偷,/ 歲月神偷,8.7,614660,罗启锐,吴君如 / 任达华 / 钟绍图 / 李治廷 / 蔡颖恩 / 秦沛 / 夏萍 / 谷德昭 / 许鞍华 / 张同祖 / 庄域飞 / 威廉希路 / 李健兴 / 林耀祺 / 廖爱玲 / 张翼东 / 钱耀荣 / 谭瓒强 / 陈庆航 / 黎祥荣,60年代的香港，风云变幻。一面要忍受港英政府的压制，一面又受到内地运动的波及，更要面对不时登陆的台风暴雨。老字号的永利街就处在这样一个风暴的旋涡中心。,https://movie.douban.com/subject/3792799/
201,遗愿清单,/ The Bucket List,8.7,542698,罗伯·莱纳,杰克·尼科尔森 / 摩根·弗里曼 / 西恩·海耶斯 / 贝弗利·陶德 / 罗伯·莫洛 / 阿方索·弗里曼 / 罗威娜·金 / 韦尔达·布里奇斯 / 伊恩·安东尼·代尔 / 詹妮弗·迪弗朗西斯科 / 安吉拉·加德纳 / 诺尔·古格雷米 / 乔纳森·赫尔南德斯 / 休·B·赫鲁伯 / 理查德·麦克格纳格尔 / 丸山凯伦 / 安波米德 / 尼基·诺瓦克 / 克里斯托弗·斯塔普勒顿 / 泰勒.安.汤普森 / 亚历克斯·崔贝克 / Annton Berry Jr. / Destiny Brownridge / Brian Copeland / 乔丹·朗德 / Jonathan Mangum / 瑟瑞娜·里德 / MaShae Alderman / Vin Scully,老富翁爱德华•科尔（杰克•尼克尔森 Jack Nicholson 饰）近年来在公立医院的私有化改造事业中获利颇丰，他为节省成本，规定病房“一房两床”的做法颇受非议，但性格强势的科尔不以为意，岂料他不久被检查出罹患癌症，本欲入住单人病房的科尔在舆论压力下只得与另一位病人——老卡特（摩根•弗里曼 Morgan Freeman 饰）同处一室。汽车修理技师老卡特博闻强识，将三个子女培养成才，但代价是牺牲了年轻时要做历史教授的梦想。曾经结婚多次如今却孤身一人的科尔逐渐对卡特产生了兴趣，两位老人在病房中结下了友谊。科尔偶然发现了卡特的“遗愿清单”，他决定运用自己的力量，让那些纸面上的疯狂构想一一实现，去发现人生的真正意义……,https://movie.douban.com/subject/1867345/
202,荒蛮故事,/ Relatos salvajes,8.7,521301,达米安·斯兹弗隆,达里奥·格兰迪内蒂 / 玛丽娅·玛努尔 / 莫妮卡·比利亚 / 丽塔·科尔泰塞 / 胡丽叶塔·泽尔贝伯格 / 凯撒·博尔东 / 莱昂纳多·斯巴拉格利亚 / 沃尔特·多纳多 / 里卡多·达林 / 南希·杜普拉 / 奥斯卡·马丁内兹 / 玛莉亚·奥内托 / 奥斯马·努涅斯 / 赫尔曼·德·席尔瓦 / 艾丽卡·里瓦斯 / 地亚哥·詹蒂莱 / 玛格丽塔·莫菲诺,《荒蛮故事》是一部黑色喜剧，由6个独立的暴力复仇小故事构成。影片是一次对于人类失控行径的颠覆性创作，从怪异的幽默感，独特的画面和大胆的配乐，到对于身处绝境的普通人这一题材的偏爱，都可以清晰地看到南美鬼才导演达米安·斯兹弗隆与阿莫多瓦在创作方面的相似之处。不过，斯兹弗隆仍然通过这部影片发出了自己独特的声音：一场对于一个腐败成风、经济和社会严重不平等的社会的尖锐抨击。,https://movie.douban.com/subject/24750126/
203,大佛普拉斯,/ The Great Buddha+,8.7,558360,黄信尧,庄益增 / 陈竹升 / 戴立忍 / 张少怀 / 陈以文 / 纳豆 / 丁国琳 / 李永丰 / 朱约信 / 雷婕熙 / 林美秀 / 小亮哥 / 游安顺 / 梁赫群 / 脱线 / 郑宇彤 / 鲁文学,菜埔（庄益增 饰）是一家雕塑厂的夜间保安，家中有一位重病的老母亲需要照顾。肚财（陈竹昇 饰）是菜埔唯一的朋友，菜埔经常在值夜班的时候把肚财叫过来和他作伴。一天，两人突发奇想决定看一看菜埔的老板黄启文（戴立忍 饰）的行车记录仪里记录了哪些影像，希望向来风流的老板能够贡献出一些精彩的片段以解两个独身男人内心里的寂寞之苦。,https://movie.douban.com/subject/27059130/
204,源代码,/ Source Code,8.6,931649,邓肯·琼斯,杰克·吉伦哈尔 / 维拉·法米加 / 米歇尔·莫纳汉 / 杰弗里·怀特 / 拉塞尔·皮特斯 / 詹姆斯·A·伍兹 / 迈克尔·阿登 / 乔·柯布登 / 卡斯·安瓦尔,在阿富汗执行任务的美国空军飞行员科特史蒂文斯上尉（杰克·吉伦哈尔 Jake Gyllenhaal 饰）突然惊醒，发现自己在一辆高速行驶的列车上，而他的身边坐着一个素不相识的女子克里斯蒂安（米歇尔·莫娜汉 Michelle Monaghan 饰）正在与自己讲话。科尔不知自己为什么会在这辆车上，而且他发现自己居然是以另一个人的身份存在，正当他迷惑不解的时候，列车上忽然发生爆炸……,https://movie.douban.com/subject/3075287/
205,花束般的恋爱,/ 花束みたいな恋をした,8.6,836843,土井裕泰,菅田将晖 / 有村架纯 / 细田佳央太 / 清原果耶 / 小田切让 / 押井守 / 户田惠子 / 岩松了 / 小林薰 / 韩英惠 / 中崎敏 / 小久保寿人 / 泷内公美 / 森优作 / 古川琴音 / 篠原悠伸 / 八木亚里纱 / 佐藤宽太 / 冈部敬史 / 萩原实里 / 福山翔大 / 萩原利久 / 片山友希 / 宇野祥平 / 佐藤玲 / 水泽绅吾 / 穗志萌香,深夜的地铁站，因错过末班车让山音麦（菅田将晖 饰）和八谷绢（有村架纯 饰）两个年轻人不期而遇。他们相约前往附近的咖啡店，并且畅聊文学、电影和各自的爱好。令他们感到惊喜的是，两个人无论是习惯、爱好还是理念居然极其相似，仿佛就是另一个自己，因此他们对对方渐渐产生好感。在此之后，他们相约再次见面，顺理成章成为了情侣。大学毕业，步入社会，小麦和小绢痴心相守。只不过现实生活磨砺着年轻人的意志和爱情。小麦被迫暂时放弃自己绘画的梦想，成为一名上班族，日渐拮据的生活也让他们减弱了对理想生活的要求。,https://movie.douban.com/subject/34874432/
206,白日梦想家,/ The Secret Life of Walter Mitty,8.6,656024,本·斯蒂勒,本·斯蒂勒 / 克里斯汀·韦格 / 亚当·斯科特 / 西恩·潘 / 凯瑟琳·哈恩 / 泰伦斯·伯尼·海恩斯 / 保罗·菲兹杰拉德 / 乔恩·戴利 / 乔伊·斯洛特尼克 / 格蕾丝·雷克斯 / 阿莱克斯·阿方格 / 阿曼达·诺顿 / 阿德里安·马丁斯 / 雪莉·麦克雷恩 / 艾米·斯蒂勒 / 斯图尔特·康菲尔德 / 奥拉维尔·达里·奥拉夫松 / 索哈德吕尔·西格罗森 / 贡纳·黑尔加松 / 卡伊·伦诺克斯 / 柯南·奥布莱恩 / 安迪·里克特 / 安东尼·德西奥 / 帕顿·奥斯瓦尔特 / 理查德·德多梅尼科 / 马特·莱文 / 格雷格·西佩斯 / 马米·科西科 / 马修·古利 / 罗丝玛丽·霍华德 / 伊兰·克里斯费尔德 / 安娜·库奇马,沃特.密提（本·斯蒂勒 Ben Stiller 饰）是一名在《生活》杂志工作了16年的胶片洗印经理，他性格内向，甚至无法跟心仪的同事谢莉尔（克里斯汀·韦格 Kristen Wiig 饰）开口搭讪，面对生活他像个旁观者，时常“放空”做白日英雄梦。直到有一天公司被并购，杂志需要做最后一期的封面，而封面成功与否的关键是找到狂野摄影师尚恩（西恩·潘 Sean Penn）的一卷胶片，沃特终于开口搭讪谢莉尔，并在她和母亲（雪莉·麦克雷恩 Shirley MacLaine 饰）的鼓励下踏上真正的冒险之旅，冰原、大海、喜马拉雅山……沃特的白日梦远不及现实壮丽。,https://movie.douban.com/subject/2133323/
207,爱乐之城,/ La La Land,8.4,1129480,达米恩·查泽雷,瑞恩·高斯林 / 艾玛·斯通 / 约翰·传奇 / 罗丝玛丽·德薇特 / 芬·维特洛克 / 杰西卡·罗德 / 水野索诺娅 / 考莉·埃尔南德斯 / J·K·西蒙斯 / 汤姆·艾弗瑞特·斯科特 / 米根·费伊 / 达蒙·冈普顿 / 杰森·富克斯 / 乔什·平茨 / 艾米·科恩 / 特里·沃尔特斯 / 汤姆·谢尔顿 / 辛达·亚当斯 / 克劳丁·克劳迪奥 / D·A·瓦拉赫 / 特雷弗·里斯奥尔 / 奥莉维亚·汉密尔顿 / 安娜·查泽雷 / 马里乌斯·代·弗里斯 / 妮科尔·库隆 / 迈尔斯·安德森 / 约翰·辛德曼 / 瓦拉里·雷·米勒 / 基夫·范登·霍伊维尔 / 佐伊·霍尔 / 登普西·帕皮恩 / 辛德拉·车,米娅（艾玛·斯通 Emma Stone 饰）渴望成为一名演员，但至今她仍旧只是片场咖啡厅里的一名平凡的咖啡师，尽管不停的参加着大大小小的试镜，但米娅收获的只有失败。某日，在一场派对之中，米娅邂逅了名为塞巴斯汀（瑞恩·高斯林 Ryan Gosling 饰）的男子，起初两人之间产生了小小的矛盾，但很快，米娅便被塞巴斯汀身上闪耀的才华以及他对爵士乐的纯粹追求所吸引，最终两人走到了一起。,https://movie.douban.com/subject/25934014/
208,疯狂的麦克斯4：狂暴之路,/ Mad Max: Fury Road,8.7,622261,乔治·米勒,汤姆·哈迪 / 查理兹·塞隆 / 尼古拉斯·霍尔特 / 休·基斯-拜恩 / 乔什·赫尔曼 / 内森·琼斯 / 佐伊·克罗维兹 / 罗茜·汉丁顿-惠特莉 / 丽莉·吉欧 / 阿比·丽 / 考特尼·伊顿 / 安格斯·桑普森 / 理查德·卡特 / 梅根·盖尔 / 肖恩·哈普,未来世界，水资源短缺引发了连绵的战争。人们相互厮杀，争夺有限的资源，地球变成了血腥十足的杀戮死战场。面容恐怖的不死乔在戈壁山谷建立了难以撼动的强大武装王国，他手下的战郎驾驶装备尖端武器的战车四下抢掠，杀伐无度，甚至将自己的孩子打造成战争机器。在最近一次行动中，不死乔的得力战将弗瑞奥萨（查理兹·塞隆 Charlize Theron 饰）带着生育者们叛逃，这令不死乔恼羞成怒，发誓要追回生育者。经历了激烈的追逐战和摧毁力极强的沙尘暴，弗瑞奥萨和作为血主的麦克斯（汤姆·哈迪 Tom Hardy 饰）被迫上路，而身后不仅有不死乔的追兵，还有汽油镇、子弹农场的重兵追逐。,https://movie.douban.com/subject/3592854/
209,可可西里,/ Kekexili: Mountain Patrol,8.9,348740,陆川,多布杰 / 张垒 / 奇道 / 赵雪莹 / 马占林 / 赵一穗,尕玉（张磊 饰）本来是个警察，为了调查藏羚羊猎杀状况，他假扮记者身份，随考察团来到可可西里——那里气候寒冷、空气稀薄，含氧量极低。就在这个人类生存的“禁区”，尕玉目睹了一幕幕人性的贪婪以及人类与环境的狂暴冲突。首先是藏羚羊保护站的巡山队员被盗猎人枪杀，接下来他们见到了悲惨的一幕：盗猎者逃走，只留下众多只剩嶙峋白骨的藏羚羊。巡山队员在恶劣的环境中追捕凶手，最终只夺回了一部份的藏羚羊皮毛。一方面要与恶劣的自然环境抗争、另一方面还要与凶残的盗猎者周旋，巡山队员和尕玉面临着生死考验。,https://movie.douban.com/subject/1308857/
210,你看起来好像很好吃,/ おまえうまそうだな,8.9,378140,藤森雅也,山口胜平 / 爱河里花子 / 加藤清史郎 / 原田知世 / 川岛得爱 / 折笠富美子 / 桐本拓哉 / 别所哲也 / 矢田稔 / 川村万梨阿 / 高乃丽 / 小室正幸 / 江川央生 / 志村知幸 / 胜沼纪义 / 井田国男 / 宫西达也 / 宫西美奈子,哈特（山口胜平 饰）是一只被草食性恐龙养大的霸王龙。其实，早在它破壳而出时，草食性恐龙的首领就曾命令哈特的母亲（原田知世 饰）抛弃它，但母亲却最终还是偷偷把它养大。随着年龄的增长，每天只吃野果的哈特每天饥饿难耐，最终还是抵不住本能的驱使，开始了自己食肉的残暴生涯。然而，由于母亲的影响，在哈特的内心深处，始终涌动着一颗善良的心灵。一天，偶尔遇到一只破壳而出的食草恐龙宝宝，哈特阴差阳错的被恐龙宝宝误认为是“爸爸”，而且为小恐龙取名为“很美味”，自此开始了又一段奇异的恐龙父子情。然而，伴随着生存环境的恶化，恐龙们的生存遭受着前所未有的破坏，哈特和它的亲人最终能否经得起考验……,https://movie.douban.com/subject/4848115/
211,贫民窟的百万富翁,/ Slumdog Millionaire,8.6,809879,丹尼·博伊尔,戴夫·帕特尔 / 沙鲁巴·舒克拉 / 亚尼·卡普尔 / 拉詹德拉纳斯·祖特施 / 吉尼瓦·塔瓦尔 / 芙蕾达·平托 / 伊尔凡·可汗 / 爱资哈尔丁·穆罕默德·伊斯梅尔 / 阿什·马赫什·舍德卡 / 马赫什·曼杰瑞卡 / 麦活·米泰尔,2006年，印度孟买。,https://movie.douban.com/subject/2209573/
212,波西米亚狂想曲,/ Bohemian Rhapsody,8.6,695249,布莱恩·辛格,拉米·马雷克 / 本·哈迪 / 约瑟夫·梅泽罗 / 格威利姆·李 / 艾伦·里奇 / 露西·宝通 / 艾丹·吉伦 / 汤姆·霍兰德尔 / 麦克·梅尔斯 / 阿隆·麦克卡斯克 / 梅内卡·达斯 / 迪基·博 / 蒂姆· 普莱斯特 / 杰克·罗斯 / 马克斯·班内特 / 基兰·哈德卡斯托 / 罗斯·格林 / 布鲁斯·麦金农 / 米歇尔·邓肯 / 马特·格林伍德 / 罗茜·本杰明 / 约翰·奥特曼 / 詹姆斯·华莱士 / 文森特·阿德里安 / 拉斯科·阿特金斯 / 乔纳森·奇塔姆 / 迈克尔·科布 / 耶稣·加洛 / 亚当·兰伯特 / 豪尔赫·莱昂·马丁内斯 / 杰森· 莱恩斯 / 伊斯雷尔·鲁兹,本片是对皇后乐队、传奇主唱弗雷迪·莫库里以及他们音乐的致敬盛宴，这是一段充满爱、痛苦、接纳和音乐的旅程。,https://movie.douban.com/subject/5300054/
213,城市之光,/ City Lights,9.3,174444,查理·卓别林,查理·卓别林 / 弗吉尼亚·切瑞尔 / 佛罗伦斯·李 / 亨利·伯格曼 / 珍·哈露,他是一个流浪汉（查理·卓别林 Charles Chaplin 饰），身无分文，遇上了双目失明的卖花女，却不忍袖手旁观。他想尽办法去凑够费用，供卖花女治病。一天，他搭救了一个富翁，富翁当晚和他称兄道弟，第二天却翻脸不认人。本来打算向他求助的主意行不通了。流浪汉去参加拳击比 赛，以图获得奖金，却输得一败涂地。谁知这时重遇富翁，二人不计前嫌，富翁答应出钱资助卖花女。在交给流浪汉1000元后，富翁遭到偷袭，身上剩下的钱被强盗抢走。流浪汉奋不顾身去追赶，却因为误会被警察押回警局坐牢。另一方面，卖花女凭借流浪汉的资助重获光明，开了一家体面的花店。,https://movie.douban.com/subject/1293908/
214,爆裂鼓手,/ Whiplash,8.6,695912,达米恩·查泽雷,迈尔斯·特勒 / J·K·西蒙斯 / 保罗·雷瑟 / 梅莉莎·班诺伊 / 奥斯汀·斯托维尔 / 内特·朗 / 克里斯·马尔基 / 达蒙·冈普顿 / 苏安妮·斯波克 / 马科斯·卡锡 / 查理·伊恩 / 杰森·布莱尔 / 科菲·斯里博伊 / 卡维塔帕蒂尔 / C·J·瓦纳 / 塔里克·洛维 / 卡尔文·C·温布什 / 迈克尔·D·科恩 / 艾普尔·格雷斯 / 马库斯·亨德森 / 亨利·G.桑德斯 / 温迪·李 / 米歇尔·拉夫,19岁少年安德鲁（迈尔斯·特勒 Miles Teller 饰）成长在单亲家庭，一心想成为顶级爵士乐鼓手。某晚他在学校练习时被魔鬼导师弗莱彻（J·K·西蒙斯 J.K. Simmons 饰）相中，进入正规乐队，同时也开始为追求完美付出代价。安德鲁越是刻苦练习，与外部世界越是隔膜。唯一理解他的是弗莱彻，但后者的暴躁与喜怒无常扭曲了这段师生关系，更让安德鲁耳濡目染，连带自身的性格亦发生变化。最后当安德鲁终于登上纽约音乐厅的舞台，他才惊恐的发现原来弗莱彻一直等着将他打入尘埃......,https://movie.douban.com/subject/25773932/
215,青蛇,/ Green Snake,8.6,604408,徐克,张曼玉 / 王祖贤 / 赵文卓 / 吴兴国 / 马精武 / 田丰 / 刘洵,南宋是一个人妖难分的时期，法海和尚（赵文卓 饰）到处收服妖精，也扰乱了在西湖底修炼的白青二蛇。青（张曼玉 饰）曾获白（王祖贤 饰）相救，二者便以姐妹相称。姐妹俩受惑佯装成人生活在民间，白更嫁于老实书生许仙，青也同时看上了许仙，便常常以媚态勾引许仙，无奈许仙只深爱白一个。白开设了药店，以为可以自此过上安定的生活，可许仙却受不了青的百般挑逗，更发现了青白二蛇的真实身份，可他却不舍得离开家中的天姿国色。法海得知了青白二蛇的下落，更抓走了许仙。原来白为了爱情放弃修成正果，更怀有了身孕。为了救回丈夫，二蛇与法海展开了搏斗……,https://movie.douban.com/subject/1303394/
216,哈利·波特与死亡圣器(上),/ Harry Potter and the Deathly Hallows: Part 1,8.6,701213,大卫·叶茨,丹尼尔·雷德克里夫 / 艾玛·沃森 / 鲁伯特·格林特 / 海伦娜·伯翰·卡特 / 拉尔夫·费因斯 / 比尔·奈伊 / 约翰·赫特 / 艾伦·瑞克曼 / 艾美达·斯丹顿 / 费奥纳·肖 / 邦妮·怀特 / 朱丽·沃特斯 / 米歇尔·费尔利 / 杰米·坎贝尔·鲍尔,《哈利·波特与死亡圣器》小站,https://movie.douban.com/subject/2051007/
217,无耻混蛋,/ Inglourious Basterds,8.7,567356,昆汀·塔伦蒂诺,布拉德·皮特 / 梅拉尼·罗兰 / 克里斯托弗·瓦尔兹 / 伊莱·罗斯 / 迈克尔·法斯宾德 / 黛安·克鲁格 / 丹尼尔·布鲁赫 / 蒂尔·施威格 / 哥德昂·布克哈德 / 雅基·伊多 / B·J·诺瓦克 / 奥玛·杜姆 / 奥古斯特·迪赫 / 德尼·梅诺谢 / 西尔维斯特·格罗特 / 马丁·乌特克 / 麦克·梅尔斯 / 朱莉·德赖弗斯 / 理查德·塞梅尔 / 亚历山大·费林 / 罗德·泰勒 / 索恩克·莫宁 / 山姆·莱文 / 保罗·鲁斯特 / 迈克尔·巴考尔 / 阿尔恩特·施韦林·索瑞 / 佩特拉·哈尔腾 / 沃克·麦克洛维斯基 / 肯·杜肯 / 克里斯蒂安·贝克尔 / 安娜-索菲·弗兰克 / 蕾雅·赛杜 / 蒂娜·罗德里格斯 / 路德格·皮斯特 / 雅娜·帕拉斯克 / 赖纳·博克 / 安德烈·彭文 / 塞巴斯蒂安·胡克 / 希尔玛·艾奇霍恩 / 伊娃·勒鲍 / 威尔弗里德·霍赫霍尔丁格,故事分五章进行。二战中德占法国，德军上校汉斯（克里斯托弗·瓦尔兹 Christoph Waltz 饰）号称“犹太猎人”，在一次屠犹行动中，少女苏珊娜（梅勒尼·劳伦特 Mélanie Laurent 饰）侥幸逃脱。与此同时，八名美国犹太士兵在中尉奥尔多（布拉德·皮特 饰） 的带领下潜入德占法国刺杀德国军人，其行动神出鬼没，手法残忍，对德军造成相当威胁，被称为“杂种”。三年后苏珊娜来到巴黎继承了姑母的电影院，结识了德国战斗英雄，电影《国家荣耀》的主演弗里德里克（丹尼尔·布鲁赫 Daniel Brühl 饰）。对苏珊娜一见钟情的弗里德里克说服德国宣传部长约瑟夫·戈培尔（西尔维斯特·格洛斯 Sylvester Groth 饰）在苏珊娜的影院首映《国家荣耀》，希特勒（马丁·乌特克 Martin Wuttke 饰）本人也将出席。苏珊娜决定借放映之机烧毁影院；而在...,https://movie.douban.com/subject/1438652/
218,东邪西毒,/ 東邪西毒,8.6,638296,王家卫,张国荣 / 林青霞 / 梁朝伟 / 张学友 / 张曼玉 / 刘嘉玲 / 梁家辉 / 杨采妮 / 邹兆龙,在恋人（张曼玉）负气嫁给兄长的当晚，欧阳锋（张国荣）黯然离开白陀山，走进沙漠某个小镇，成为一名杀手中介人。他的朋友、风流剑客黄药师（梁家辉）每年都来小镇与他畅饮，酒话里有关白陀山的消息令他忘却往事的念想渐次演变成自欺行为。,https://movie.douban.com/subject/1292328/
219,大红灯笼高高挂,/ Raise The Red Lantern  /  Épouses et concubines,8.8,377129,张艺谋,巩俐 / 马精武 / 何赛飞 / 曹翠芬 / 周琦 / 孔琳 / 金淑媛 / 丁惟敏 / 初晓,大学刚读半年的颂莲（巩俐）被贪钱的母亲逼迫着嫁进陈家大院，成了老爷的第四房姨太。陈府有老规矩，姨太太们傍晚时分要站在自已的屋子前，等待下人送来的意味被老爷“临幸”的大红灯笼。,https://movie.douban.com/subject/1293323/
220,终结者2：审判日,/ Terminator 2: Judgment Day,8.8,388818,詹姆斯·卡梅隆,阿诺·施瓦辛格 / 琳达·汉密尔顿 / 爱德华·福隆 / 罗伯特·帕特里克 / 厄尔·伯恩 / 乔·莫顿 / 埃帕莎·默克森 / 卡斯图罗·格雷拉 / 丹尼·库克塞 / 詹妮特·戈德斯坦恩 / 山德·贝克利 / 莱思莉·汉密尔顿·格伦 / 彼得·舒鲁姆 / 唐·雷克 / 吉姆·帕尔默 / 格温达·迪肯 / 科林·帕特里克·林奇 / 妮基·考克斯 / 德沃恩·尼克森 / 阿卜杜勒·萨拉姆·埃尔·拉扎克 / 迈克·马斯喀特 / 迪恩·诺里斯 / 查尔斯·A·坦伯罗 / 丹尼·皮尔斯 / 马克·克里斯托弗·劳伦斯 / 林凡 / 乔尔·克莱默 / 斯科特·肖 / 史文-欧尔·托尔森 / 小威廉·威谢尔 / Ken Gibbel / Robert Winley / Michael Edwards / Don Stanton / Dan Stanton / Lisa Brinegar / Dalton Abbott / Bret A. Arnold / Martin Deluca,上一部中，超级电脑“天网”阻止人类抵抗领袖约翰·康纳诞生的行动失败，时隔13年后，在“审判日”到来之前，“天网”派出了更加先进的生化机器人T-1000（罗伯特·帕特里克 饰）从公元2029年回到洛杉矶追杀已经长大的约翰，与此同时，约翰也派出了机器人T-800（阿诺· 施瓦辛格 饰）回去保护年幼的自己。,https://movie.douban.com/subject/1291844/
221,黑天鹅,/ Black Swan,8.6,850871,达伦·阿伦诺夫斯基,娜塔莉·波特曼 / 米拉·库尼斯 / 文森特·卡索 / 芭芭拉·赫希 / 薇诺娜·瑞德 / 本杰明·米派德 / 克塞尼亚·索罗 / 克里斯汀娜·安娜波 / 詹妮特·蒙哥马利 / 塞巴斯蒂安·斯坦 / 托比·海明威 / 塞尔吉奥·托拉多 / 马克·马戈利斯 / 蒂娜·斯隆 / 亚伯拉罕·阿罗诺夫斯基 / 夏洛特·阿罗诺夫斯基 / 玛西娅·让·库尔茨 / 肖恩·奥哈根 / 克里斯托弗·加廷 / 黛博拉·奥夫纳 / 斯坦利·B·赫尔曼 / 库尔特·弗勒曼 / 帕特里克·赫辛格 / 莎拉·海伊,纽约剧团要重排《天鹅湖》，因前领舞Beth（薇诺娜•赖德 Winona Ryder 饰）离去，总监Thomas（文森特•卡索尔 Vincent Cassel. 饰）决定海选新领舞，且要求领舞要分饰黑天鹅与白天鹅。Nina（娜塔莉•波特曼Natalie Portman 饰）自幼练习芭蕾舞，在母亲的细心关照下，技艺出众。这次，她希望可以脱颖而出。然而，在竞争中，她发现心机颇重的Lily（米拉•库妮丝 Mila Kunis 饰）是自己的强劲对手。在选拔中，她的白天鹅表演的无可挑剔，但是黑天鹅不及Lily。她感到身心俱疲，回家还发现了背部的红斑与脚伤。她一个人找到总监，希望争取一下。总监趁机亲吻她，却被她强硬拒绝。结果，总监居然选了她。队友怀疑她靠色相上位。在酒会上，Beth甚至当众发泄。这种压力外加伤病，一直影响着她的发挥。总监启发她要释放激情，表现出黑天...,https://movie.douban.com/subject/1978709/
222,新龙门客栈,/ 新龍門客棧,8.7,513598,李惠民,张曼玉 / 林青霞 / 梁家辉 / 甄子丹 / 熊欣欣 / 刘洵 / 任世官 / 吴启华 / 袁祥仁 / 徐锦江 / 郑希怡 / 王彤川 / 王伟顺 / 蔡浩,宦官专权的明朝中叶，东厂曹少钦（甄子丹）假造圣旨杀害了忠良杨宇轩，并想斩草除根杀死其后代。侠女邱莫言（林青霞）、江湖义士贺虎等人冒死救出忠良后代后，逃至边关沙漠里的龙门客栈，与杨宇轩部下周淮安（梁家辉）会合。龙门客栈实则黑店，老板娘金镶玉（张曼玉）利用乱世，以美貌和风骚 作诱饵杀人越货聚敛钱财，但她却为英俊潇洒的周淮安动了真心。为了摸清潜藏于龙门客栈中的出关暗道，周淮安将计就计，答应与金镶玉成亲。,https://movie.douban.com/subject/1292287/
223,初恋这件小事,/ สิ่งเล็กเล็กที่เรียกว่า...รัก,8.5,1055886,普特鹏·普罗萨卡·那·萨克那卡林,平采娜·乐维瑟派布恩 / 马里奥·毛瑞尔 / 苏达拉·布查蓬 / 雅尼卡·桑普蕾舞 / 诺特·阿查拉那·阿瑞亚卫考 / 皮拉瓦特·赫拉巴特 / 普特鹏·普罗萨卡·那·萨克那卡林 / 华森·波克彭,初中生小水相貌平平，家境一般，所以在学校里并不受重视。但是她心地善良，又有一群死党，日子过得倒也开心。某天，她遇见了帅气的学长阿亮（马里奥·毛瑞尔 Mario Maurer 饰），春心萌动，无 法遏制。她喜欢看他踢足球，看他拍照，如痴如狂。上英语课时，她不停地给死党传纸条 表达对阿亮的爱慕。然而，英语老师则指出她除了英语一无是处。回到家，叔叔从美国捎来了父亲的消息，说如果她能考全校第一，就可以去美国。于是，她按下决心要努力加油。某天，小水等人在买饮料时，碰到篮球队员蛮横插队。阿亮挺身而出，为她们教训了对方，并挨了校长的责骂。小水也第一次听说，阿亮的父亲因为射失点球而退役的事情，理解了他心中的隐痛。由于舞蹈队是给美女准备的，所以小水等一干姐妹准备在话剧社大展身手，没想到学长也来到这个社团。两人还扮演王子公主，他们的恋情会由此展开么？……,https://movie.douban.com/subject/4739952/
224,千钧一发,/ Gattaca,8.8,354154,安德鲁·尼科尔,伊桑·霍克 / 乌玛·瑟曼 / 裘德·洛 / 艾伦·阿金 / 戈尔·维达尔 / 山德·贝克利 / 劳恩·迪恩 / 简妮·布鲁克 / 伊莱亚斯·科泰斯 / 玛娅·鲁道夫 / 伍娜·戴蒙 / 布莱尔·安德伍德 / 梅森·甘布 / 威廉姆·李·斯科特 / 欧内斯特·博格宁 / 托尼·夏尔赫布 / 肯·马里诺 / 加布里埃尔·瑞丝 / 迪恩·诺里斯 / 丹格里芬 / 格雷戈·赛斯特罗 / Elizabeth Dennehy / 查德·克里斯特 / 乔治·马歇尔·卢格,未来的世界，科技的力量胜过一切，基因决定命运，几乎成为金科玉律。不幸文森特（伊桑•霍克 Ethan Hawke  饰）是一个基因不良的人，出生以来就决定了他近视和心脏病的缺陷，他只能活到30岁。于是父母为文森特增添了一个有着优良基因的弟弟。,https://movie.douban.com/subject/1300117/
225,人工智能,/ A.I. Artificial Intelligence,8.7,506083,史蒂文·斯皮尔伯格,海利·乔·奥斯蒙 / 弗兰西丝·奥康纳 / 山姆·洛巴兹 / 杰克·托马斯 / 裘德·洛 / 威廉·赫特 / 梁振邦 / 克拉克·格雷格 / 凯文·苏斯曼 / 汤姆·加洛普 / 尤金·奥斯门特 / 艾普尔·格雷斯 / 马特·温斯顿 / 萨布丽娜·格德维奇 / 西奥·格林利,21世纪中期，由于温室效应，南北极冰川融化，地球上很多城市被淹没。此时，人类科技已经高度发达，人工智能机器人就是人类发明出来用以应对恶劣自然环境的科技手段之一，而且，机器人制造技术已经高度发达，先进的机器人不但拥有可以乱真的人类外表，还能感知自身的存在。,https://movie.douban.com/subject/1302827/
226,崖上的波妞,/ 崖の上のポニョ,8.6,579426,宫崎骏,神月柚莉爱 / 土井洋辉 / 山口智子 / 长岛一茂 / 天海祐希 / 所乔治 / 柊瑠美 / 矢野显子 / 吉行和子 / 奈良冈朋子 / 左时枝 / 羽鸟慎一 / 平冈映美 / 大桥望美,5岁的宗介生长在海边小城，他的家就在临海的悬崖上。一天，宗介捡到了一个被海浪冲上岸的废玻璃瓶，里面有条受困的小金鱼。小金鱼名叫波尼，她是人鱼女王的女儿，偷偷驾着水母溜出来玩的时候撞进了瓶子里。宗介把波尼带回了自己家，养在塑料盆里。波尼在宗介家过得很愉快，她很喜欢宗介，宗介也喜欢她。然而，快乐的日子很快就过去了，波尼的爸爸藤本把女儿带回了海底。藤本原是一个魔法师，后来和人鱼女王相爱成了海底的住人。,https://movie.douban.com/subject/1959877/
227,雨人,/ Rain Man,8.7,445262,巴瑞·莱文森,达斯汀·霍夫曼 / 汤姆·克鲁斯 / 瓦莱丽亚·戈利诺 / 邦妮·亨特 / 贝丝·格兰特 / 杰克·霍夫曼 / 克里斯·马尔基 / 杰拉尔德·R·莫伦 / 卢辛达·珍妮 / 拉尔夫·塞莫 / 迈克尔·D·罗伯茨 / 罗伊斯·D.阿普勒加特 / 路易莎·莱斯金,查理（汤姆·克鲁斯 Tom Cruise 饰）父亲去世，留下了300万美元的遗产。然而令他意外的是，遗产全部给了一个他不认识的哥哥雷蒙（达斯汀·霍夫曼 Dustin Hoffman 饰）。雷蒙的名字查理从没听过，这个事件让他气愤不已。他决定前去寻找哥哥。谁知雷蒙的住处就在一个精神病院里，原来他自幼患有自闭症，母亲去世后就被送到精神病院治疗。查理心中有了算计，他把雷蒙带出精神病院，企图骗他出让遗产。,https://movie.douban.com/subject/1291870/
228,虎口脱险,/ La grande vadrouille,8.9,298410,热拉尔·乌里,路易·德·菲奈斯 / 布尔维尔 / 克劳迪奥·布鲁克 / 安德丽·帕里西 / 科莱特·布罗塞 / 迈克·马歇尔 / 玛丽·马凯 / 皮埃尔·贝尔坦 / 本诺·施特岑巴赫 / 玛丽·杜布瓦 / 特里-托马斯 / 西戈德·拉普 / 赖因哈德·科尔德霍夫 / 赫尔穆特·施奈德 / 保罗·普雷博伊斯特 / 汉斯·迈尔 / 居伊·格罗索 / 米歇尔·莫多 / 彼得·雅各布 / 吕迪·勒努瓦 / 诺埃尔·达扎尔 / 皮埃尔·鲁塞尔 / 皮埃尔·巴斯蒂安 / 雅克·萨布隆 / 玛格·阿夫里尔 / 雅克·博杜因 / 加布里埃尔·戈班 / 保罗·梅塞 / 亨利·热内斯,二战期间，英国一架飞机在执行轰炸任务中，被德军击中，几名英国士兵被迫跳伞逃生。他们约好在土耳其浴室见面，并用这次行动的代号“鸳鸯茶”作为接头暗号。,https://movie.douban.com/subject/1296909/
229,哈利·波特与凤凰社,/ Harry Potter and the Order of the Phoenix,8.6,701179,大卫·叶茨,丹尼尔·雷德克里夫 / 艾玛·沃森 / 鲁伯特·格林特 / 加里·奥德曼 / 拉尔夫·费因斯 / 玛吉·史密斯 / 迈克尔·刚本 / 艾伦·瑞克曼 / 艾玛·汤普森 / 艾美达·斯丹顿 / 詹森·艾萨克 / 汤姆·费尔顿 / 海伦娜·伯翰·卡特 / 邦妮·怀特 / 朱丽·沃特斯 / 梁佩诗 / 布莱丹·格里森 / 罗彼·考特拉尼 / 伊文娜·林奇,逃过摄魂怪的追杀，通过魔法部的审查，哈利（丹尼尔·雷德克里夫）终于回到美丽的霍格沃兹。然而这个学期并不轻松，他不仅要完成魔法等级考试，还要应对夜晚的噩梦和黑魔法防御课老师乌姆里奇的打压。在好友的支持下，哈利秘密组建了邓不利多军团，与大家一起练习黑魔法防御术。,https://movie.douban.com/subject/1457217/
230,彗星来的那一夜,/ Coherence,8.6,690973,詹姆斯·沃德·布柯特,艾米丽·芭尔多尼 / 莫瑞·史特林 / 尼古拉斯·布兰登 / 劳伦·斯卡法莉娅 / 伊丽莎白·格瑞斯 / 雨果·阿姆斯特朗 / 亚历克斯·马努吉安 / 劳伦·马赫,在一个静得有些诡异阴森的夜晚，年轻女子艾米丽（艾米丽·芭尔多尼 Emily Baldoni 饰）驱车来到朋友家参加聚会。此前她一边开车一边和男友打电话，然而通话突然中断，她的手机屏也莫名其妙出现裂痕。这一事件让艾米丽的心中升起隐隐不安，因为当晚一颗彗星刚好接近地球，一个 很久之前听过的传说使她对彗星的到来有着不祥的预感。稍后，朋友们落座，大家彼此交谈，叙说近况，虽然言语中有着许多莫名其妙、蹊跷反常的线索，然而均被一带而过。突然间，灯光尽灭。当光明重新来临时，众人发现附近只有一户人家还在亮灯，而亮灯人家里坐着的竟是……,https://movie.douban.com/subject/25807345/
231,罗生门,/ 羅生門,8.8,360862,黑泽明,三船敏郎 / 京町子 / 森雅之 / 志村乔 / 千秋实 / 上田吉二郎 / 本间文子 / 加东大介,罗生门，日本京都的正南门。云游和尚、砍柴人和乞丐在城门底下避雨，三人闲聊，话题开始，故事的序幕拉开：一个武士和他妻子路过荒山，遭遇了不测。妻子被侮辱，而武士惨遭杀害。惨案如何酿成？凶手、妻子、借武士亡魂来做证的女巫，都各有说法。,https://movie.douban.com/subject/1291879/
232,海边的曼彻斯特,/ Manchester by the Sea,8.6,658570,肯尼思·洛纳根,卡西·阿弗莱克 / 卢卡斯·赫奇斯 / 米歇尔·威廉姆斯 / C·J·威尔逊 / 凯尔·钱德勒 / 卡拉·海沃德 / 格瑞辰·摩尔 / 泰特·多诺万 / 埃里卡·麦克德莫特 / 希瑟·伯恩斯 / 蜜西·雅格 / 斯蒂芬·亨德森 / 本·汉森 / 玛丽·梅伦 / 安东尼·埃斯特拉 / 苏珊·波尔法 / 罗伯特·塞拉 / 卡罗琳·皮克曼 / 约什·汉密尔顿 / 肖恩·菲茨吉本 / 肯尼思·洛纳根 / 安娜·巴瑞辛尼科夫 / 利亚姆·麦克尼尔 / 马修·布罗德里克 / Kt·巴达萨罗 / 威廉·博恩凯塞尔 / 弗兰克·达戈斯蒂诺 / 托马斯·马里亚诺,李（卡西·阿弗莱克 Casey Affleck 饰）是一名颓废压抑的修理工，在得知哥哥乔伊（凯尔·钱德勒 Kyle Chandler 饰）去世的消息后，李回到了故乡——海边的曼彻斯特处理乔伊的后事。根据乔伊的遗嘱，李将会成为乔伊的儿子帕特里克（卢卡斯·赫奇斯 Lucas Hedg es 饰）的监护人，李打算将帕特里克带回波士顿，但很显然帕特里克并不愿意离开家乡和朋友们，但李亦不愿在这片伤心地久留。,https://movie.douban.com/subject/25980443/
233,恋恋笔记本,/ The Notebook,8.5,754190,尼克·卡萨维蒂,瑞恩·高斯林 / 瑞秋·麦克亚当斯 / 吉娜·罗兰兹 / 詹姆斯·加纳 / 斯塔尔勒塔·杜波利斯 / 凯文·康诺利 / 希瑟·沃奎斯特 / 杰弗里·奈特 / 琼·艾伦 / 詹姆斯·麦斯登,一个浸润着鲜红与纯白的爱情故事，写在一本洒满昏黄的笔记本上，被一位老先生(詹姆斯·加纳 饰)，一遍一遍的讲述。老太太(吉娜·罗兰兹 饰)总是静静的听着，好奇的追问结果。在一家疗养院，这样不变的场景每天都会上演。,https://movie.douban.com/subject/1309163/
234,火星救援,/ The Martian,8.5,843852,雷德利·斯科特,马特·达蒙 / 杰西卡·查斯坦 / 克里斯汀·韦格 / 杰夫·丹尼尔斯 / 迈克尔·佩纳 / 凯特·玛拉 / 肖恩·宾 / 塞巴斯蒂安·斯坦 / 唐纳德·格洛弗 / 切瓦特·埃加福 / 阿卡塞尔·亨涅 / 陈数 / 高雄 / 王汉斌 / 麦肯兹·戴维斯 / 娜奥米·斯科特 / 丽丽·博尔丹 / 布莱恩·卡斯佩,载人航天宇宙飞船阿瑞斯3号成功抵达火星，谁知一场破坏力极其巨大的风暴向宇航员们袭来，阿瑞斯3号被迫中断任务，紧急返航。撤离途中，宇航员马克·沃特尼（马特·达蒙 Matt Damon 饰）被飞船上吹落的零件击中，由于生还希望渺茫，队友们只得匆匆返航，并向世人宣告他已牺牲的事实。出乎意料的是，马克以极低的概率活了下来。他躲进驻火星的航天基地疗伤。下一次火星任务要等到四年后，而基地内的补给仅够他维持31天。短暂的绝望后，马克决定利用有限的食物，在这颗空无一人的星球上种植作物，寻找一线生机。与此同时，地球方面也很快发现马克生还的事实，他们想尽办法部署营救计划。孤军奋战的马克，能否等到救援队伍的到来？,https://movie.douban.com/subject/25864085/
235,真爱至上,/ Love Actually,8.5,811575,理查德·柯蒂斯,休·格兰特 / 连姆·尼森 / 科林·费尔斯 / 劳拉·琳妮 / 艾玛·汤普森 / 艾伦·瑞克曼 / 凯拉·奈特莉 / 托马斯·布罗迪-桑斯特 / 比尔·奈伊 / 玛汀·麦古基安 / 马丁·弗瑞曼 / 克里斯·马歇尔 / 罗德里戈·桑托罗 / 罗温·艾金森 / 比利·鲍伯·松顿 / 安德鲁·林肯 / 露西娅·莫尼斯 / 海克·玛卡琪,这是一出10个爱情故事串成的喜剧杂烩：,https://movie.douban.com/subject/1292401/
236,黑客帝国2：重装上阵,/ The Matrix Reloaded,8.7,458587,拉娜·沃卓斯基,基努·里维斯 / 劳伦斯·菲什伯恩 / 凯瑞-安·莫斯 / 雨果·维文 / 莫妮卡·贝鲁奇 / 赫尔穆特·巴凯蒂斯 / 斯蒂夫·巴什托尼 / 克里斯汀·阿努 / 丹尼尔·伯哈特 / 约瑟芬·白内斯 / 安迪·阿尼斯 / 贾达·萍克特·史密斯 / 邹兆龙 / 埃茜·戴维斯 / 纳许·埃哲顿 / 格洛丽亚·福斯特 / 大卫·富兰克林 / 诺娜·加耶 / 小罗伊·琼斯 / 大卫·基尔德 / 兰德尔·杜克·金 / 克里斯托弗·卡比 / 纳撒尼尔·利斯 / 哈里·列尼斯 / 罗伯特·马莫内 / 马特·麦科姆 / 罗宾·奈文 / 大卫·诺 / 吉娜薇·欧瑞丽 / 苏格拉底·奥图 / 哈罗德·佩里诺 / 阿德里安·雷梅特 / 尼尔·雷梅特 / 鲁伯特·雷德 / 大卫·罗伯茨 / 凯文·斯科特 / 尼坎德罗·托马斯 / 吉娜·托瑞斯 / 史蒂夫·维拉 / 克莱顿·华生 / 康奈尔·韦斯特 / 雷·沃纳尔 / 伯纳德·怀特 / 朗贝尔·维尔森 / 安东尼·布兰登·黄 / 安东尼·泽比,上一部结尾，尼奥（基奴李维斯 饰）终于意识到自己的能力和使命，中弹复活后，变成了无所不能的“救世主”，他和女友崔妮蒂（凯莉·安·摩丝 饰），舰长墨菲斯（劳伦斯·菲什伯恩 饰）回到了人类的基地锡安，受到人们的热烈欢迎。,https://movie.douban.com/subject/1304141/
237,冰雪奇缘,/ Frozen,8.5,837963,克里斯·巴克,克里斯汀·贝尔 / 伊迪娜·门泽尔 / 乔纳森·格罗夫 / 乔什·加德 / 圣蒂诺·方塔纳 / 艾伦·图代克 / 塞伦·希德 / 克里斯·威廉姆斯 / 斯蒂芬·安德森 / 玛雅·威尔逊 / 伊迪·麦克勒格 / 罗伯特·派恩 / 莫里斯·拉马奇 / 珍妮弗·李 / 莉薇·施图本劳赫 / 伊娃·贝拉 / 斯宾塞·莱西·加纳斯 / 泰里·布朗 / 杰西·科尔蒂 / 杰夫·马库斯 / 塔克·吉莫尔 / 保罗·布里格斯,在四面环海、风景如画的阿伦黛尔王国，生活着两位可爱美丽的小公主，艾莎和安娜。艾莎天生具有制造冰雪的能力，随着年龄的增长，她的能力越来越强，甚至险些夺走妹妹的生命。为此国王紧闭宫门，也中断了两姐妹的联系。悲哀的海难过后，艾莎（伊迪娜·门泽尔 Idina Menzel 配音 ）终于到了加冕的年龄，各国王公齐来祝贺。艾莎战战兢兢，唯恐被人识破隐藏了多年的秘密。然而当听说安娜（克里斯汀·贝尔 Kristen Bell 配音）将要和初次见面的南埃尔斯王子汉斯（圣蒂诺·方塔纳 Santino Fontana 配音）结婚时，依然情绪失控露出了马脚。在此之后她逃到山中，构建了属于自己的冰雪王国，而阿伦黛尔也陷入可怕的寒冷之中。,https://movie.douban.com/subject/4202982/
238,步履不停,/ 歩いても 歩いても,8.8,330625,是枝裕和,阿部宽 / 夏川结衣 / 江原由希子 / 高桥和也 / 田中祥平 / 野本萤 / 林凌雅 / 寺岛进 / 加藤治子 / 树木希林 / 原田芳雄,“人生路上步履不停，为何总是慢一拍”。,https://movie.douban.com/subject/2222996/
239,奇迹男孩,/ Wonder,8.6,603452,斯蒂芬·卓博斯基,雅各布·特伦布莱 / 朱莉娅·罗伯茨 / 伊扎贝拉·维多维奇 / 欧文·威尔逊 / 诺亚·尤佩 / 丹妮尔·罗丝·拉塞尔 / 纳吉·杰特 / 戴维德·迪格斯 / 曼迪·帕廷金 / 布莱斯·吉扎尔 / 艾尔·麦金农 / 泰·孔西利奥 / 詹姆斯·休斯 / 凯尔·布瑞特科夫 / 米莉·戴维斯 / 莉娅·朱厄特 / 凯琳·布瑞特科夫 / 利亚姆·迪金森 / 艾玛·特伦布莱 / 马克·多兹劳 / 鲁奇娅·伯纳德 / J·道格拉斯·斯图瓦特 / 阿里·利伯特 / 埃丽卡·麦基特里克 / 本·伊曼纽尔 / 杰森·麦金农 / 索尼娅·布拉加 / 吉洁特,奥吉（雅各布·特瑞布雷 Jacob Tremblay 饰）是一个10岁的男孩，除了头戴一个巨大的太空头盔外，他和其他的同年龄孩子别无二致。头盔下隐藏了奥吉因为各种手术而伤痕累累的脸庞，它不仅完美的隐藏起了奥吉脆弱自卑的内心，也成功的防止了奥吉的模样吓到别的孩子。,https://movie.douban.com/subject/26787574/
240,千年女优,/ 千年女優,8.8,320507,今敏,庄司美代子 / 小山茉美 / 折笠富美子 / 饭塚昭三 / 小野坂昌也 / 津田匠子 / 铃置洋孝 / 京田尚子 / 德丸完 / 片冈富枝 / 石森达幸 / 佐藤政道 / 小形满 / 麻生智久 / 游佐浩二 / 肥后诚 / 坂口候一 / 志村知幸 / 木村亚希子 / 佐伯志 / 野岛裕史 / 浅野琉璃 / 大中宽子 / 园部好德 / 大黑优美子 / 山寺宏一 / 津嘉山正种,60岁的立花源也和28岁的摄影师井田恭二不远千里跋山涉水上门去拜访隐居了三十年的一代影星藤原千代子，为了给她拍摄一生自传的纪录片。款款前来的千代子虽然已界75岁高龄，但仍然优雅美丽，左眼下标志性的小痣也仍然俏皮。立花双手递上一把钥匙，千代子深受震动，称这把钥匙是开启一个 秘密的关键，当年她不慎丢失，今日竟还能再回手中。千代子的思绪飞到老远。,https://movie.douban.com/subject/1307394/
241,谍影重重2,/ The Bourne Supremacy,8.7,402625,保罗·格林格拉斯,马特·达蒙 / 布莱恩·考克斯 / 琼·艾伦 / 卡尔·厄本 / 弗朗卡·波滕特 / 朱丽娅·斯蒂尔斯 / 加布里埃尔·曼 / 马尔顿·索克斯 / 汤姆·加洛普 / 约翰·贝德福德·劳埃德 / 伊桑·桑德勒 / 米歇尔·莫纳汉 / 卡瑞尔·罗登 / 托马斯·阿拉纳 / 奥莎娜·阿金什那 / Yevgeni Sitokhin / 蒂姆·格里芬 / 肖恩·史密斯 / 马克西姆·科瓦莱夫斯基 / 帕特里克·克劳利 / 乔恩·科林·巴克利 / 谢恩·辛努特科 / Claudio Maniscalco / Dirk Schoedon / 伊万·舍甫多夫 / 丹尼斯·布尔加兹列夫 / 尼克·怀尔德 / 维克多·埃菲尔 / 埃莱娜·卡多纳 / 克里斯·库珀,经过上一集的腥风血雨之后，伯恩（马特·达蒙 饰）和女朋友玛丽（弗兰卡·泼坦特 饰）隐居在印度偏僻的海边小镇，想忘记以前的生活。一天，神秘组织的杀手来到小镇，打破了伯恩二人世界的宁静，女友玛丽在逃亡途中被枪杀。,https://movie.douban.com/subject/1308767/
242,战争之王,/ Lord of War,8.7,418149,安德鲁·尼科尔,尼古拉斯·凯奇 / 布里吉特·莫伊纳汉 / 杰瑞德·莱托 / 伊安·霍姆 / 伊桑·霍克 / 埃夫吉恩尼·拉扎雷夫 / 伊默恩·沃克 / 塔尼特·菲尼克斯,本来美国移民尤瑞（尼古拉斯•凯奇 Nicolas Cage 饰）的家族生意是开饭馆。但是一个偶然的机会令他踏入了军火生意的大门，从此开始了贩卖武器的“职业生涯”。尤瑞遇事机智，胆大心细，这不仅让他成功俘获了美女埃娃的心，还使得他在地下军火生意中愈战愈勇。但是，不顺心的事情也随之而来：出现了生意上的死对头和一名老是盯着他的国际警察；弟弟染上毒瘾，并在一单生意交易中丧了命，而且，尽管他在竭力维护自己在家庭里的正义形象，但却掩盖不了真相。尤瑞开始反省自己生意的正义性，拷问自己的良心，但一切太迟，他已经众叛亲离……,https://movie.douban.com/subject/1419936/
243,蜘蛛侠：平行宇宙,/ Spider-Man: Into the Spider-Verse,8.6,761791,鲍勃·佩尔西凯蒂,沙梅克·摩尔 / 杰克·约翰逊 / 海莉·斯坦菲尔德 / 马赫沙拉·阿里 / 布莱恩·泰里·亨利 / 莉莉·汤姆林 / 劳伦·维勒斯 / 佐伊·克罗维兹 / 约翰·木兰尼 / 贵美子·格伦 / 尼古拉斯·凯奇 / 凯瑟琳·哈恩 / 列维·施瑞博尔 / 克里斯·派恩 / 娜塔丽·莫瑞丝 / 奥斯卡·伊萨克 / 格蕾塔·李 / 斯坦·李 / 乔玛·塔科内 / 华金·科西奥 / 蕾克·贝尔 / 梅勒妮·海恩斯 / 尼克·杰恩 / 穆尼卜·拉赫曼 / 卡洛斯·萨拉戈萨 / 黛西·罗斯·布莱内斯 / 里夫·霍顿 / 哈里森·奈特 / 莱克斯·朗 / 凯特琳·麦肯纳-威尔金森 / 斯科特·门维尔 / 克里斯托弗·米勒 / 德维卡·帕利赫 / 柯特妮·佩尔顿 / 克里斯蒂·法瑞斯 / 杰奎琳·皮诺尔 / 贾斯汀·沉卡罗 / 梅利莎·斯特姆,正就读中学的少年迈尔斯（沙梅克·摩尔 Shameik Moore 配音）意外被一只遭受放射性污染的蜘蛛咬伤，随后身体发生奇特的变化。偶然机缘，他目睹了蜘蛛侠（克里斯·派恩 Chris Pine 配音）和犯罪头目金并（列维·施瑞博尔 Liev Schreiber 配音）的战斗。为了阻止金并利用时空对撞机扰乱宇宙，蜘蛛侠最终壮烈牺牲。可未过多久，来自平行宇宙的颓废的彼德·帕克（杰克·约翰逊 Jake M. Johnson 配音）出现在迈尔斯面前。为了阻止金并的阴谋，并帮助这个帕克返回自己的宇宙，他们闯入金并的老巢。在这一过程中，二人遭到章鱼博士和徘徊者的狙击。与此同时，来自其他宇宙的女蜘蛛侠、暗影蜘蛛侠、蜘猪侠、二次元蜘蛛妹相继出现。,https://movie.douban.com/subject/26374197/
244,攻壳机动队,/ 攻殻機動隊,9.0,220625,押井守,田中敦子 / 大塚明夫 / 山寺宏一 / 大木民夫 / 家弓家正 / 玄田哲章 / 山内雅人 / 小川真司,公元2029年，未来世界是高科技与信息化的世界。人类生活水平的提高伴随着犯罪活动的高科技化，于是，专门镇压高科技犯罪的特殊部队——公安9课成立了。队长草薙素子，作为一位全身“义体化”的女警，带领公安9课不断展开行动。,https://movie.douban.com/subject/1291936/
245,血钻,/ Blood Diamond,8.7,424239,爱德华·兹威克,莱昂纳多·迪卡普里奥 / 杰曼·翰苏 / 詹妮弗·康纳利 / 阿诺德·沃斯洛 / 大卫·哈雷伍德 / 吉米·米斯特雷 / 麦克·辛 / 史蒂芬·柯林斯,九十年代非洲塞拉利昂，连连战火使这片土地饱受摧残，非法钻石贸易日益猖獗。,https://movie.douban.com/subject/1428175/
246,小姐,/ 아가씨,8.5,582618,朴赞郁,金珉禧 / 金泰梨 / 河正宇 / 赵震雄 / 文素利 / 金海淑 / 李龙女 / 李东辉 / 赵恩亨 / 丁夏潭 / 金仁宇 / 金诗恩 / 高木里奈,公爵（河正宇 饰）为了得到日本贵族秀子小姐（金敏喜 饰）的财产，意欲娶她为妻，而后以其患上精神疾病为由将秀子送入精神病院。为了实现自己的阴谋，公爵将出生于小偷世家的南淑熙（金泰璃 饰）送到秀子的身边担任女佣，如此一来两人里应外合，深闺之中不谙世事的秀子和她的万贯家财根本 就是他们的囊中之物。,https://movie.douban.com/subject/25977027/
247,隐藏人物,/ Hidden Figures,8.9,275654,西奥多·梅尔菲,塔拉吉·P·汉森 / 奥克塔维亚·斯宾瑟 / 加奈儿·梦奈 / 凯文·科斯特纳 / 克尔斯滕·邓斯特 / 吉姆·帕森斯 / 马赫沙拉·阿里 / 阿尔迪斯·霍吉 / 格伦·鲍威尔 / 金贝利·奎恩 / 奥莱克·克鲁帕,影片讲述1962年，汉森饰演的非裔美国数学家与斯宾瑟和梦奈两位“同事”组成智囊团，为宇航员约翰·格伦成功绕地球轨道飞行做出贡献。,https://movie.douban.com/subject/26615208/
248,血观音,/ 血觀音,8.6,570315,杨雅喆,惠英红 / 吴可熙 / 文淇 / 柯佳嬿 / 陈莎莉 / 丁强 / 刘尚谦 / 林志儒 / 王月 / 温贞菱 / 王伟六 / 陈珮骐 / 尹昭德 / 大久保麻梨子 / 巫书维 / 颜毓麟 / 刘越逖 / 傅子纯 / 陈武康 / 施名帅 / 秀兰玛雅 / 应朗丰 / 李铨,棠家一脉花开，将军身故，棠夫人站在家族宗法宝塔上，也就立足弥陀乡政治的顶端。黑白两道，茶盏交错之间，玲珑心，剔透眼，柔软身段，霹雳手段，女人天下。大女儿棠宁玲珑八面，却怀一股心思幽微，小女儿棠真乖巧听话，学着继承泡茶待客之道，随棠夫人帘后织手暗操线，青春初丰满的羽翼，能如何担起腥风血雨？棠家牵线的土地开发计划出现变数，好友议员一家遭灭门惨案，以血掀变，弥陀乡势力重新洗牌，暗潮涌动，台北二十年，大家深宅三代女人，千手染血的观音，骨与血，治与乱，情欲与权力层层密谋穿织。,https://movie.douban.com/subject/27113517/
249,魂断蓝桥,/ Waterloo Bridge,8.8,312488,茂文·勒鲁瓦,费雯·丽 / 罗伯特·泰勒 / 露塞尔·沃特森 / 弗吉尼亚·菲尔德 / 玛丽亚·彭斯卡娅 / C.奥布雷·史密斯 / Janet Shaw / Janet Waldo / Steffi Duna / Virginia Carroll / Eleanor Stewart / Lowden Adams / Harry Allen / Jimmy Aubrey / Phyllis Barry / Colin Campbell / 丽塔·卡莱尔 / 里奥.G.卡罗尔 / 戴维·卡文迪什 / 大卫·克莱德 / 汤姆·康威 / Frank Dawson / Connie Emerald / 吉尔伯特·埃默里 / 赫伯特·埃文斯 / 迪克·戈登 / Denis Green / 艾塞尔·格里菲斯 / Bobby Hale / Winifred Harris / 哈利韦尔·霍布斯 / Harold Howard / Charles Irwin / George Kirby / Walter Lawrence / 威尔弗雷德·卢卡斯 / Dan Maxwell / James May / Florine McKinney / Charles McNaughton / Frank Mitchell / 埃德蒙·莫蒂默 / 伦纳德米迪 / 坦普·皮戈特 / 约翰·鲍尔 / Clara Reid / Paul Scardon / 约翰·格雷厄姆·斯佩西 / Wyndham Standing / 哈里·斯塔布斯 / Cyril Thornton / 戴维·瑟斯比 / 诺玛·威登 / 帕特·威尔士 / 玛莎·温特沃思 / Frank Whitbeck / Eric Wilton / 罗伯特·温克勒 / 道格拉斯·伍德,第一次世界大战期间，回国度假的陆军中尉罗伊（罗伯特·泰勒）在滑铁卢桥上邂逅了舞蹈演员玛拉（费雯·丽），两人彼此倾心，爱情迅速升温。就在两人决定结婚之时，罗伊应招回营地，两人被迫分离。由于错过剧团演出，玛拉被开除，只能和好友相依为命。,https://movie.douban.com/subject/1293964/
250,房间,/ Room,8.7,401843,伦尼·阿伯拉罕森,布丽·拉尔森 / 雅各布·特伦布莱 / 肖恩·布里吉格斯 / 温迪·古逊 / 阿曼达·布鲁盖尔 / 乔·平格 / 琼·艾伦 / 卡斯·安瓦尔 / 威廉·H·梅西 / 兰德尔·爱德华兹 / 罗德里戈·费尔南德斯-斯托尔 / 罗里·奥谢 / 汤姆·麦卡穆斯 / 杰克·富尔顿 / 梅根·帕克,女孩乔伊（布丽·拉尔森 Brie Larson 饰）被一个叫“老尼克”的男人拐骗，之后被他囚禁在其房子后院的棚屋里长达七年之久。在此期间她遭到强奸，并生下儿子杰克（雅各布·特伦布莱 Jacob Tremblay 饰）。靠着老尼克时不时的物资补给，母子二人艰难度日。尽管如此，母亲还是竭尽所能，为儿子杰克创造了一个安全而开心的成长空间。这个狭小逼仄的房间，成了杰克生活成长的神奇小天地。在杰克度过了他的五岁生日后，母亲决定告诉他真相，在这个小小的房间外面，有着更广阔的世界。他们开始策划逃跑计划，决心要逃出这个囚禁他们的房间……,https://movie.douban.com/subject/25724855/
